date,close
2000-06-05,49.3438
2000-06-06,47.3125
2000-06-07,48.0938
2000-06-08,48.3125
2000-06-09,49.3125
2000-06-12,47.4062
2000-06-13,49.4062
2000-06-14,47.2812
2000-06-15,47.6875
2000-06-16,48.0
2000-06-19,51.25
2000-06-20,52.0
2000-06-21,52.2188
2000-06-22,49.625
2000-06-23,48.75
2000-06-26,48.75
2000-06-27,47.1875
2000-06-28,47.4375
2000-06-29,46.3438
2000-06-30,47.0
2000-07-03,48.0625
2000-07-05,44.3125
2000-07-06,46.125
2000-07-07,47.625
2000-07-10,47.5625
2000-07-11,46.8125
2000-07-12,47.9688
2000-07-13,49.1875
2000-07-14,50.6875
2000-07-17,51.4688
2000-07-18,49.2188
2000-07-19,47.4688
2000-07-20,46.7188
2000-07-21,44.8125
2000-07-24,44.625
2000-07-25,46.4062
2000-07-26,44.375
2000-07-27,41.3438
2000-07-28,40.9688
2000-07-31,42.3125
2000-08-01,40.9062
2000-08-02,40.5
2000-08-03,40.4375
2000-08-04,39.3438
2000-08-07,40.5
2000-08-08,40.5312
2000-08-09,41.7188
2000-08-10,40.7188
2000-08-11,41.3438
2000-08-14,43.875
2000-08-15,45.3125
2000-08-16,46.625
2000-08-17,47.5312
2000-08-18,48.7188
2000-08-21,47.5
2000-08-22,47.9688
2000-08-23,49.875
2000-08-24,49.625
2000-08-25,49.0
2000-08-28,49.25
2000-08-29,48.875
2000-08-30,48.4062
2000-08-31,49.3438
2000-09-01,48.9375
2000-09-05,47.5625
2000-09-06,44.5312
2000-09-07,46.0
2000-09-08,43.8125
2000-09-11,43.125
2000-09-12,42.0938
2000-09-13,42.4375
2000-09-14,42.4062
2000-09-15,41.375
2000-09-18,40.5
2000-09-19,43.5312
2000-09-20,43.875
2000-09-21,42.125
2000-09-22,39.0625
2000-09-25,37.005
2000-09-26,36.625
2000-09-27,36.25
2000-09-28,37.375
2000-09-29,35.55
2000-10-02,34.75
2000-10-03,34.225
2000-10-04,36.0
2000-10-05,35.1
2000-10-06,33.85
2000-10-09,33.25
2000-10-10,30.17
2000-10-11,29.975
2000-10-12,29.3
2000-10-13,32.375
2000-10-16,30.525
2000-10-17,28.865
2000-10-18,28.3
2000-10-19,32.875
2000-10-20,33.375
2000-10-23,34.15
2000-10-24,31.875
2000-10-25,29.395
2000-10-26,30.925
2000-10-27,30.85
2000-10-30,31.065
2000-10-31,32.875
2000-11-01,31.7
2000-11-02,32.5
2000-11-03,32.245
2000-11-06,32.25
2000-11-07,30.745
2000-11-08,28.325
2000-11-09,28.25
2000-11-10,26.5
2000-11-13,27.65
2000-11-14,29.225
2000-11-15,30.55
2000-11-16,28.9
2000-11-17,28.825
2000-11-20,28.45
2000-11-21,27.845
2000-11-22,27.25
2000-11-24,29.245
2000-11-27,27.65
2000-11-28,25.75
2000-11-29,26.045
2000-11-30,24.0
2000-12-01,23.81
2000-12-04,23.98
2000-12-05,26.495
2000-12-06,25.4
2000-12-07,24.89
2000-12-08,27.625
2000-12-11,29.6
2000-12-12,28.6
2000-12-13,26.675
2000-12-14,26.36
2000-12-15,25.65
2000-12-18,25.625
2000-12-19,25.3
2000-12-20,23.8
2000-12-21,23.75
2000-12-22,25.375
2000-12-26,25.1
2000-12-27,26.325
2000-12-28,25.635
2000-12-29,24.5
2001-01-02,24.15
2001-01-03,28.125
2001-01-04,27.255
2001-01-05,25.625
2001-01-08,25.995
2001-01-09,25.55
2001-01-10,26.65
2001-01-11,28.11
2001-01-12,27.725
2001-01-16,26.75
2001-01-17,28.155
2001-01-18,29.75
2001-01-19,29.855
2001-01-22,29.125
2001-01-23,29.325
2001-01-24,29.275
2001-01-25,28.2
2001-01-26,28.325
2001-01-29,29.075
2001-01-30,29.6
2001-01-31,29.505
2001-02-01,29.325
2001-02-02,28.05
2001-02-05,26.945
2001-02-06,27.005
2001-02-07,26.125
2001-02-08,25.765
2001-02-09,25.45
2001-02-12,25.97
2001-02-13,25.29
2001-02-14,27.005
2001-02-15,28.0
2001-02-16,26.31
2001-02-20,24.35
2001-02-21,24.1
2001-02-22,23.75
2001-02-23,23.7
2001-02-26,23.0
2001-02-27,22.04
2001-02-28,20.925
2001-03-01,22.3
2001-03-02,22.67
2001-03-05,23.505
2001-03-06,24.795
2001-03-07,24.6
2001-03-08,24.6
2001-03-09,22.995
2001-03-12,22.1
2001-03-13,23.2
2001-03-14,22.95
2001-03-15,22.32
2001-03-16,21.63
2001-03-19,22.5
2001-03-20,21.125
2001-03-21,21.845
2001-03-22,24.105
2001-03-23,24.65
2001-03-26,23.77
2001-03-27,23.9
2001-03-28,22.15
2001-03-29,21.65
2001-03-30,20.745
2001-04-02,19.35
2001-04-03,18.8
2001-04-04,17.65
2001-04-05,20.05
2001-04-06,18.68
2001-04-09,18.2
2001-04-10,19.85
2001-04-11,21.995
2001-04-12,23.175
2001-04-16,21.995
2001-04-17,21.975
2001-04-18,24.8
2001-04-19,26.5
2001-04-20,25.925
2001-04-23,24.425
2001-04-24,23.8
2001-04-25,24.25
2001-04-26,23.575
2001-04-27,24.75
2001-04-30,25.65
2001-05-01,25.975
2001-05-02,26.4
2001-05-03,25.235
2001-05-04,25.275
2001-05-07,25.15
2001-05-08,25.505
2001-05-09,24.55
2001-05-10,24.45
2001-05-11,24.075
2001-05-14,23.525
2001-05-15,23.65
2001-05-16,24.95
2001-05-17,25.35
2001-05-18,25.475
2001-05-21,27.2
2001-05-22,26.65
2001-05-23,25.45
2001-05-24,25.425
2001-05-25,25.225
2001-05-29,24.085
2001-05-30,22.525
2001-05-31,23.0
2001-06-01,23.8
2001-06-04,23.48
2001-06-05,24.95
2001-06-06,24.775
2001-06-07,26.67
2001-06-08,25.81
2001-06-11,24.965
2001-06-12,24.92
2001-06-13,24.19
2001-06-14,22.825
2001-06-15,22.825
2001-06-18,22.54
2001-06-19,22.0
2001-06-20,22.075
2001-06-21,22.025
2001-06-22,21.98
2001-06-25,22.605
2001-06-26,22.755
2001-06-27,22.475
2001-06-28,23.4
2001-06-29,24.1
2001-07-02,23.945
2001-07-03,24.02
2001-07-05,23.3
2001-07-06,21.505
2001-07-09,21.665
2001-07-10,20.805
2001-07-11,21.45
2001-07-12,23.14
2001-07-13,22.825
2001-07-16,21.58
2001-07-17,22.45
2001-07-18,21.57
2001-07-19,22.665
2001-07-20,22.3
2001-07-23,21.6
2001-07-24,21.26
2001-07-25,21.615
2001-07-26,22.885
2001-07-27,23.15
2001-07-30,23.185
2001-07-31,23.305
2001-08-01,24.6
2001-08-02,25.425
2001-08-03,24.89
2001-08-06,24.41
2001-08-07,23.89
2001-08-08,22.775
2001-08-09,22.875
2001-08-10,23.095
2001-08-13,23.54
2001-08-14,23.18
2001-08-15,22.48
2001-08-16,22.875
2001-08-17,21.78
2001-08-20,22.06
2001-08-21,21.0
2001-08-22,21.975
2001-08-23,21.92
2001-08-24,23.105
2001-08-27,23.46
2001-08-28,22.83
2001-08-29,22.125
2001-08-30,21.57
2001-08-31,21.9
2001-09-04,21.08
2001-09-05,20.995
2001-09-06,19.955
2001-09-07,19.885
2001-09-10,19.785
2001-09-17,17.95
2001-09-18,16.765
2001-09-19,16.1
2001-09-20,15.03
2001-09-21,14.66
2001-09-24,15.575
2001-09-25,15.775
2001-09-26,14.74
2001-09-27,14.42
2001-09-28,14.78
2001-10-01,14.48
2001-10-02,14.09
2001-10-03,15.45
2001-10-04,16.175
2001-10-05,16.32
2001-10-08,16.99
2001-10-09,16.15
2001-10-10,17.2
2001-10-11,18.83
2001-10-12,18.87
2001-10-15,18.045
2001-10-16,18.48
2001-10-17,17.395
2001-10-18,16.77
2001-10-19,17.0
2001-10-22,17.95
2001-10-23,17.79
2001-10-24,18.45
2001-10-25,19.38
2001-10-26,19.28
2001-10-29,17.85
2001-10-30,17.11
2001-10-31,17.86
2001-11-01,19.0
2001-11-02,19.4
2001-11-05,19.915
2001-11-06,20.72
2001-11-07,20.75
2001-11-08,20.375
2001-11-09,20.29
2001-11-12,20.8
2001-11-13,22.025
2001-11-14,21.855
2001-11-15,21.545
2001-11-16,21.33
2001-11-19,21.375
2001-11-20,20.165
2001-11-21,20.51
2001-11-23,20.825
2001-11-26,21.62
2001-11-27,21.83
2001-11-28,20.86
2001-11-29,21.66
2001-11-30,21.315
2001-12-03,20.95
2001-12-04,22.035
2001-12-05,23.62
2001-12-06,23.54
2001-12-07,22.97
2001-12-10,22.405
2001-12-11,22.525
2001-12-12,23.04
2001-12-13,21.555
2001-12-14,22.05
2001-12-17,22.445
2001-12-18,22.565
2001-12-19,21.495
2001-12-20,20.415
2001-12-21,20.95
2001-12-24,20.77
2001-12-26,20.955
2001-12-27,21.32
2001-12-28,21.585
2001-12-31,20.925
2002-01-02,21.8
2002-01-03,23.58
2002-01-04,23.565
2002-01-07,23.13
2002-01-08,23.26
2002-01-09,23.27
2002-01-10,22.825
2002-01-11,22.65
2002-01-14,22.5
2002-01-15,22.425
2002-01-16,21.67
2002-01-17,21.975
2002-01-18,21.41
2002-01-22,20.36
2002-01-23,21.01
2002-01-24,21.325
2002-01-25,21.7
2002-01-28,22.025
2002-01-29,21.575
2002-01-30,22.425
2002-01-31,22.65
2002-02-01,22.4
2002-02-04,22.075
2002-02-05,22.0
2002-02-06,21.895
2002-02-07,21.025
2002-02-08,21.46
2002-02-11,22.34
2002-02-12,22.14
2002-02-13,22.865
2002-02-14,22.65
2002-02-15,22.25
2002-02-19,21.38
2002-02-20,21.63
2002-02-21,20.235
2002-02-22,20.3
2002-02-25,21.42
2002-02-26,21.14
2002-02-27,20.865
2002-02-28,20.18
2002-03-01,22.14
2002-03-04,23.47
2002-03-05,23.91
2002-03-06,23.8
2002-03-07,23.95
2002-03-08,24.9
2002-03-11,24.3
2002-03-12,23.545
2002-03-13,22.77
2002-03-14,22.665
2002-03-15,23.32
2002-03-18,23.47
2002-03-19,23.715
2002-03-20,22.88
2002-03-21,23.52
2002-03-22,23.125
2002-03-25,22.525
2002-03-26,23.075
2002-03-27,22.875
2002-03-28,23.265
2002-04-01,23.875
2002-04-02,23.115
2002-04-03,22.65
2002-04-04,22.955
2002-04-05,22.625
2002-04-08,22.7
2002-04-09,21.91
2002-04-10,22.19
2002-04-11,21.69
2002-04-12,21.85
2002-04-15,22.175
2002-04-16,23.29
2002-04-17,23.695
2002-04-18,23.095
2002-04-19,22.695
2002-04-22,22.465
2002-04-23,22.0
2002-04-24,21.31
2002-04-25,21.34
2002-04-26,20.475
2002-04-29,20.445
2002-04-30,20.735
2002-05-01,20.825
2002-05-02,19.95
2002-05-03,19.05
2002-05-06,18.64
2002-05-07,18.685
2002-05-08,20.85
2002-05-09,20.22
2002-05-10,19.39
2002-05-13,20.485
2002-05-14,21.725
2002-05-15,21.6
2002-05-16,21.94
2002-05-17,22.05
2002-05-20,21.575
2002-05-21,21.05
2002-05-22,21.075
2002-05-23,20.9
2002-05-24,20.185
2002-05-28,20.095
2002-05-29,19.425
2002-05-30,19.375
2002-05-31,19.225
2002-06-03,18.375
2002-06-04,18.9
2002-06-05,19.04
2002-06-06,18.4
2002-06-07,17.35
2002-06-10,17.05
2002-06-11,16.405
2002-06-12,17.05
2002-06-13,16.71
2002-06-14,16.72
2002-06-17,17.595
2002-06-18,17.275
2002-06-19,16.125
2002-06-20,15.42
2002-06-21,14.875
2002-06-24,15.51
2002-06-25,14.875
2002-06-26,15.005
2002-06-27,15.465
2002-06-28,15.175
2002-07-01,14.49
2002-07-02,13.75
2002-07-03,14.445
2002-07-05,15.795
2002-07-08,15.025
2002-07-09,14.475
2002-07-10,13.795
2002-07-11,14.715
2002-07-12,14.855
2002-07-15,15.585
2002-07-16,15.185
2002-07-17,15.29
2002-07-18,14.825
2002-07-19,14.505
2002-07-22,14.115
2002-07-23,13.6
2002-07-24,14.2
2002-07-25,12.85
2002-07-26,12.84
2002-07-29,13.625
2002-07-30,13.95
2002-07-31,13.4
2002-08-01,12.545
2002-08-02,12.075
2002-08-05,11.35
2002-08-06,12.0
2002-08-07,12.25
2002-08-08,12.8
2002-08-09,12.65
2002-08-12,12.45
2002-08-13,11.975
2002-08-14,12.82
2002-08-15,13.025
2002-08-16,13.68
2002-08-19,14.205
2002-08-20,13.75
2002-08-21,14.32
2002-08-22,14.265
2002-08-23,13.38
2002-08-26,13.44
2002-08-27,12.68
2002-08-28,12.225
2002-08-29,12.215
2002-08-30,12.05
2002-09-03,11.525
2002-09-04,11.62
2002-09-05,11.14
2002-09-06,11.695
2002-09-09,11.66
2002-09-10,12.085
2002-09-11,12.255
2002-09-12,11.45
2002-09-13,11.39
2002-09-16,11.025
2002-09-17,10.8
2002-09-18,10.655
2002-09-19,10.325
2002-09-20,10.095
2002-09-23,9.575
2002-09-24,9.69
2002-09-25,10.37
2002-09-26,10.185
2002-09-27,10.0
2002-09-30,9.62
2002-10-01,10.14
2002-10-02,10.155
2002-10-03,9.595
2002-10-04,9.355
2002-10-07,9.125
2002-10-08,8.875
2002-10-09,8.835
2002-10-10,9.365
2002-10-11,10.18
2002-10-14,10.2
2002-10-15,11.17
2002-10-16,10.1
2002-10-17,10.785
2002-10-18,10.975
2002-10-21,11.51
2002-10-22,10.695
2002-10-23,11.51
2002-10-24,11.19
2002-10-25,11.84
2002-10-28,11.79
2002-10-29,11.465
2002-10-30,12.075
2002-10-31,11.99
2002-11-01,12.625
2002-11-04,13.105
2002-11-05,12.785
2002-11-06,13.225
2002-11-07,12.345
2002-11-08,12.2
2002-11-11,11.54
2002-11-12,11.945
2002-11-13,11.975
2002-11-14,12.8
2002-11-15,12.81
2002-11-18,12.725
2002-11-19,12.525
2002-11-20,13.35
2002-11-21,14.2
2002-11-22,14.2
2002-11-25,14.655
2002-11-26,14.125
2002-11-27,14.9
2002-11-29,14.65
2002-12-02,14.645
2002-12-03,13.995
2002-12-04,13.3
2002-12-05,13.1
2002-12-06,13.045
2002-12-09,12.19
2002-12-10,12.69
2002-12-11,12.7
2002-12-12,12.645
2002-12-13,12.14
2002-12-16,12.64
2002-12-17,12.535
2002-12-18,11.695
2002-12-19,11.625
2002-12-20,11.65
2002-12-23,11.865
2002-12-24,11.745
2002-12-26,11.675
2002-12-27,11.49
2002-12-30,11.165
2002-12-31,11.075
2003-01-02,11.86
2003-01-03,12.025
2003-01-06,12.65
2003-01-07,12.655
2003-01-08,12.22
2003-01-09,12.46
2003-01-10,12.77
2003-01-13,12.625
2003-01-14,12.725
2003-01-15,12.39
2003-01-16,12.03
2003-01-17,11.39
2003-01-21,11.27
2003-01-22,11.225
2003-01-23,11.59
2003-01-24,11.1
2003-01-27,10.965
2003-01-28,11.11
2003-01-29,11.455
2003-01-30,10.86
2003-01-31,10.75
2003-02-03,10.7
2003-02-04,10.665
2003-02-05,10.65
2003-02-06,10.49
2003-02-07,10.32
2003-02-10,10.45
2003-02-11,10.53
2003-02-12,10.45
2003-02-13,10.425
2003-02-14,11.005
2003-02-18,11.49
2003-02-19,11.38
2003-02-20,11.5
2003-02-21,11.52
2003-02-24,11.38
2003-02-25,11.415
2003-02-26,11.11
2003-02-27,11.375
2003-02-28,11.77
2003-03-03,11.365
2003-03-04,11.24
2003-03-05,11.41
2003-03-06,11.35
2003-03-07,11.205
2003-03-10,10.985
2003-03-11,11.015
2003-03-12,11.285
2003-03-13,12.175
2003-03-14,11.99
2003-03-17,12.375
2003-03-18,12.81
2003-03-19,12.775
2003-03-20,12.875
2003-03-21,13.18
2003-03-24,12.5
2003-03-25,12.605
2003-03-26,12.55
2003-03-27,12.445
2003-03-28,12.195
2003-03-31,11.545
2003-04-01,11.655
2003-04-02,12.455
2003-04-03,12.51
2003-04-04,12.195
2003-04-07,12.39
2003-04-08,11.945
2003-04-09,11.745
2003-04-10,11.855
2003-04-11,11.725
2003-04-14,12.05
2003-04-15,12.145
2003-04-16,12.755
2003-04-17,13.215
2003-04-21,13.325
2003-04-22,13.75
2003-04-23,13.81
2003-04-24,13.595
2003-04-25,12.94
2003-04-28,13.235
2003-04-29,13.5
2003-04-30,13.195
2003-05-01,13.24
2003-05-02,13.625
2003-05-05,13.735
2003-05-06,14.08
2003-05-07,13.725
2003-05-08,13.43
2003-05-09,13.965
2003-05-12,14.275
2003-05-13,14.14
2003-05-14,13.975
2003-05-15,14.155
2003-05-16,13.905
2003-05-19,13.31
2003-05-20,13.32
2003-05-21,13.35
2003-05-22,13.475
2003-05-23,13.56
2003-05-27,14.275
2003-05-28,14.375
2003-05-29,14.765
2003-05-30,14.975
2003-06-02,14.59
2003-06-03,14.975
2003-06-04,15.5
2003-06-05,15.475
2003-06-06,15.25
2003-06-09,14.94
2003-06-10,15.085
2003-06-11,14.895
2003-06-12,14.745
2003-06-13,14.25
2003-06-16,14.6
2003-06-17,14.505
2003-06-18,14.81
2003-06-19,14.645
2003-06-20,14.45
2003-06-23,14.115
2003-06-24,13.925
2003-06-25,13.815
2003-06-26,14.25
2003-06-27,14.175
2003-06-30,14.115
2003-07-01,14.47
2003-07-02,14.82
2003-07-03,14.62
2003-07-07,15.53
2003-07-08,15.775
2003-07-09,15.9
2003-07-10,15.5
2003-07-11,15.59
2003-07-14,16.005
2003-07-15,16.125
2003-07-16,16.255
2003-07-17,15.68
2003-07-18,15.725
2003-07-21,15.4
2003-07-22,15.9
2003-07-23,16.225
2003-07-24,15.87
2003-07-25,16.17
2003-07-28,16.325
2003-07-29,16.1
2003-07-30,15.9
2003-07-31,16.25
2003-08-01,16.375
2003-08-04,16.425
2003-08-05,15.9
2003-08-06,15.75
2003-08-07,15.69
2003-08-08,15.25
2003-08-11,15.55
2003-08-12,15.795
2003-08-13,16.1
2003-08-14,16.32
2003-08-15,16.25
2003-08-18,17.075
2003-08-19,17.385
2003-08-20,17.29
2003-08-21,17.775
2003-08-22,18.12
2003-08-25,18.02
2003-08-26,18.015
2003-08-27,18.475
2003-08-28,18.6
2003-08-29,18.695
2003-09-02,18.75
2003-09-03,18.35
2003-09-04,18.695
2003-09-05,18.905
2003-09-08,19.4
2003-09-09,19.12
2003-09-10,18.085
2003-09-11,18.36
2003-09-12,18.48
2003-09-15,18.235
2003-09-16,18.865
2003-09-17,18.725
2003-09-18,18.85
2003-09-19,18.78
2003-09-22,18.25
2003-09-23,18.545
2003-09-24,17.67
2003-09-25,17.505
2003-09-26,17.3
2003-09-29,17.7
2003-09-30,17.2
2003-10-01,17.55
2003-10-02,17.675
2003-10-03,18.46
2003-10-06,18.46
2003-10-07,18.825
2003-10-08,18.685
2003-10-09,18.845
2003-10-10,19.175
2003-10-13,19.27
2003-10-14,19.44
2003-10-15,19.58
2003-10-16,19.79
2003-10-17,19.27
2003-10-20,19.625
2003-10-21,20.03
2003-10-22,19.565
2003-10-23,19.24
2003-10-24,19.275
2003-10-27,19.495
2003-10-28,20.56
2003-10-29,20.745
2003-10-30,20.925
2003-10-31,20.825
2003-11-03,21.565
2003-11-04,21.585
2003-11-05,21.975
2003-11-06,22.105
2003-11-07,21.995
2003-11-10,21.72
2003-11-11,21.55
2003-11-12,22.325
2003-11-13,21.895
2003-11-14,21.155
2003-11-17,20.95
2003-11-18,20.6
2003-11-19,20.98
2003-11-20,20.55
2003-11-21,20.86
2003-11-24,21.555
2003-11-25,21.625
2003-11-26,21.67
2003-11-28,21.9
2003-12-01,22.035
2003-12-02,21.875
2003-12-03,21.475
2003-12-04,21.35
2003-12-05,20.575
2003-12-08,20.565
2003-12-09,19.7
2003-12-10,19.95
2003-12-11,20.475
2003-12-12,20.455
2003-12-15,19.815
2003-12-16,19.665
2003-12-17,19.52
2003-12-18,20.25
2003-12-19,20.105
2003-12-22,20.12
2003-12-23,20.51
2003-12-24,20.46
2003-12-26,20.46
2003-12-29,20.9
2003-12-30,20.865
2003-12-31,20.745
2004-01-02,20.7
2004-01-05,21.45
2004-01-06,21.575
2004-01-07,21.83
2004-01-08,22.41
2004-01-09,22.375
2004-01-12,22.87
2004-01-13,22.3
2004-01-14,22.25
2004-01-15,22.56
2004-01-16,22.66
2004-01-20,22.605
2004-01-21,22.075
2004-01-22,21.735
2004-01-23,21.47
2004-01-26,21.875
2004-01-27,21.175
2004-01-28,21.0
2004-01-29,20.905
2004-01-30,20.98
2004-02-02,20.705
2004-02-03,20.885
2004-02-04,20.29
2004-02-05,20.35
2004-02-06,21.25
2004-02-09,21.045
2004-02-10,21.115
2004-02-11,21.475
2004-02-12,21.205
2004-02-13,20.92
2004-02-17,21.26
2004-02-18,21.36
2004-02-19,20.94
2004-02-20,20.775
2004-02-23,20.225
2004-02-24,20.335
2004-02-25,20.68
2004-02-26,20.77
2004-02-27,20.45
2004-03-01,20.925
2004-03-02,20.875
2004-03-03,20.49
2004-03-04,20.83
2004-03-05,20.625
2004-03-08,19.785
2004-03-09,19.92
2004-03-10,19.515
2004-03-11,19.38
2004-03-12,19.81
2004-03-15,19.285
2004-03-16,19.5
2004-03-17,19.81
2004-03-18,19.52
2004-03-19,18.815
2004-03-22,18.685
2004-03-23,18.625
2004-03-24,18.98
2004-03-25,19.765
2004-03-26,19.59
2004-03-29,19.755
2004-03-30,19.775
2004-03-31,19.75
2004-04-01,20.065
2004-04-02,20.705
2004-04-05,20.96
2004-04-06,20.49
2004-04-07,20.44
2004-04-08,20.525
2004-04-12,20.67
2004-04-13,20.415
2004-04-14,20.25
2004-04-15,19.585
2004-04-16,19.33
2004-04-19,19.635
2004-04-20,18.915
2004-04-21,19.09
2004-04-22,19.115
2004-04-23,19.405
2004-04-26,18.96
2004-04-27,18.73
2004-04-28,18.44
2004-04-29,17.96
2004-04-30,17.65
2004-05-03,17.58
2004-05-04,17.89
2004-05-05,17.95
2004-05-06,18.0
2004-05-07,18.225
2004-05-10,18.405
2004-05-11,18.9
2004-05-12,18.645
2004-05-13,18.44
2004-05-14,18.195
2004-05-17,17.99
2004-05-18,18.305
2004-05-19,18.375
2004-05-20,18.28
2004-05-21,18.345
2004-05-24,18.45
2004-05-25,18.94
2004-05-26,19.025
2004-05-27,19.125
2004-05-28,19.46
2004-06-01,19.225
2004-06-02,18.845
2004-06-03,18.375
2004-06-04,18.75
2004-06-07,19.335
2004-06-08,19.355
2004-06-09,18.785
2004-06-10,18.855
2004-06-14,18.5
2004-06-15,18.75
2004-06-16,18.52
2004-06-17,17.97
2004-06-18,17.94
2004-06-21,17.86
2004-06-22,18.4
2004-06-23,18.8
2004-06-24,18.535
2004-06-25,18.625
2004-06-28,18.435
2004-06-29,18.77
2004-06-30,18.915
2004-07-01,18.205
2004-07-02,17.82
2004-07-06,17.29
2004-07-07,17.435
2004-07-08,17.36
2004-07-09,17.685
2004-07-12,17.335
2004-07-13,17.34
2004-07-14,16.42
2004-07-15,16.34
2004-07-16,16.0
2004-07-19,16.09
2004-07-20,16.45
2004-07-21,15.885
2004-07-22,16.38
2004-07-23,15.885
2004-07-26,15.775
2004-07-27,15.835
2004-07-28,15.7
2004-07-29,16.23
2004-07-30,16.45
2004-08-02,16.575
2004-08-03,15.935
2004-08-04,16.045
2004-08-05,15.86
2004-08-06,15.325
2004-08-09,15.27
2004-08-10,15.43
2004-08-11,14.795
2004-08-12,14.39
2004-08-13,14.475
2004-08-16,14.555
2004-08-17,14.74
2004-08-18,15.18
2004-08-19,15.12
2004-08-20,15.145
2004-08-23,15.3
2004-08-24,14.94
2004-08-25,15.115
2004-08-26,14.95
2004-08-27,15.08
2004-08-30,14.79
2004-08-31,14.665
2004-09-01,14.775
2004-09-02,15.0
2004-09-03,14.15
2004-09-07,13.995
2004-09-08,14.02
2004-09-09,14.68
2004-09-10,15.18
2004-09-13,15.455
2004-09-14,15.535
2004-09-15,15.07
2004-09-16,15.04
2004-09-17,15.365
2004-09-20,15.84
2004-09-21,15.88
2004-09-22,15.525
2004-09-23,15.55
2004-09-24,15.085
2004-09-27,14.9
2004-09-28,14.75
2004-09-29,15.05
2004-09-30,15.12
2004-10-01,15.845
2004-10-04,15.95
2004-10-05,15.955
2004-10-06,16.0
2004-10-07,15.935
2004-10-08,15.295
2004-10-11,15.34
2004-10-12,15.1
2004-10-13,15.37
2004-10-14,14.875
2004-10-15,14.88
2004-10-18,14.96
2004-10-19,15.2
2004-10-20,15.525
2004-10-21,15.955
2004-10-22,15.48
2004-10-25,15.565
2004-10-26,15.52
2004-10-27,16.105
2004-10-28,16.2
2004-10-29,16.175
2004-11-01,16.285
2004-11-02,16.24
2004-11-03,16.075
2004-11-04,16.195
2004-11-05,16.44
2004-11-08,16.46
2004-11-09,16.37
2004-11-10,15.935
2004-11-11,16.23
2004-11-12,16.52
2004-11-15,16.815
2004-11-16,16.765
2004-11-17,17.15
2004-11-18,17.4
2004-11-19,16.885
2004-11-22,16.875
2004-11-23,16.635
2004-11-24,16.755
2004-11-26,16.625
2004-11-29,16.515
2004-11-30,16.245
2004-12-01,16.865
2004-12-02,16.75
2004-12-03,17.135
2004-12-06,17.225
2004-12-07,16.865
2004-12-08,16.515
2004-12-09,16.29
2004-12-10,16.195
2004-12-13,16.29
2004-12-14,16.675
2004-12-15,16.67
2004-12-16,16.39
2004-12-17,16.23
2004-12-20,16.105
2004-12-21,16.375
2004-12-22,16.43
2004-12-23,16.49
2004-12-27,16.34
2004-12-28,16.4
2004-12-29,16.575
2004-12-30,16.615
2004-12-31,16.685
2005-01-03,16.355
2005-01-04,15.95
2005-01-05,15.675
2005-01-06,15.6
2005-01-07,15.74
2005-01-10,15.71
2005-01-11,15.38
2005-01-12,15.715
2005-01-13,15.46
2005-01-14,15.675
2005-01-18,15.75
2005-01-19,15.38
2005-01-20,15.325
2005-01-21,15.11
2005-01-24,14.845
2005-01-25,15.115
2005-01-26,15.48
2005-01-27,15.58
2005-01-28,15.54
2005-01-31,15.605
2005-02-01,15.85
2005-02-02,15.755
2005-02-03,15.625
2005-02-04,16.36
2005-02-07,16.325
2005-02-08,16.595
2005-02-09,16.265
2005-02-10,16.39
2005-02-11,16.965
2005-02-14,16.96
2005-02-15,17.05
2005-02-16,16.88
2005-02-17,16.625
2005-02-18,16.675
2005-02-22,16.65
2005-02-23,16.53
2005-02-24,16.88
2005-02-25,17.22
2005-02-28,16.995
2005-03-01,17.395
2005-03-02,17.15
2005-03-03,16.965
2005-03-04,17.005
2005-03-07,17.315
2005-03-08,16.99
2005-03-09,17.03
2005-03-10,17.225
2005-03-11,16.775
2005-03-14,16.815
2005-03-15,16.535
2005-03-16,16.345
2005-03-17,16.36
2005-03-18,16.22
2005-03-21,16.24
2005-03-22,16.02
2005-03-23,16.255
2005-03-24,16.325
2005-03-28,16.28
2005-03-29,16.085
2005-03-30,16.445
2005-03-31,16.265
2005-04-01,16.04
2005-04-04,16.03
2005-04-05,16.045
2005-04-06,16.055
2005-04-07,16.335
2005-04-08,16.245
2005-04-11,16.105
2005-04-12,16.04
2005-04-13,15.7
2005-04-14,15.45
2005-04-15,14.955
2005-04-18,15.145
2005-04-19,15.475
2005-04-20,15.21
2005-04-21,15.645
2005-04-22,15.325
2005-04-25,15.415
2005-04-26,15.385
2005-04-27,15.47
2005-04-28,15.39
2005-04-29,15.41
2005-05-02,15.475
2005-05-03,15.515
2005-05-04,15.82
2005-05-05,15.9
2005-05-06,16.01
2005-05-09,16.125
2005-05-10,15.945
2005-05-11,15.995
2005-05-12,16.02
2005-05-13,16.415
2005-05-16,16.48
2005-05-17,16.625
2005-05-18,16.745
2005-05-19,16.75
2005-05-20,16.92
2005-05-23,16.885
2005-05-24,17.15
2005-05-25,17.065
2005-05-26,17.365
2005-05-27,17.265
2005-05-31,17.2
2005-06-01,17.305
2005-06-02,17.555
2005-06-03,17.41
2005-06-06,17.34
2005-06-07,17.115
2005-06-08,17.285
2005-06-09,17.65
2005-06-10,17.3
2005-06-13,17.27
2005-06-14,17.09
2005-06-15,17.125
2005-06-16,17.225
2005-06-17,17.22
2005-06-20,17.145
2005-06-21,17.25
2005-06-22,17.37
2005-06-23,17.31
2005-06-24,17.05
2005-06-27,16.81
2005-06-28,17.035
2005-06-29,16.925
2005-06-30,16.835
2005-07-01,16.895
2005-07-05,17.175
2005-07-06,17.265
2005-07-07,17.475
2005-07-08,17.765
2005-07-11,18.2
2005-07-12,18.235
2005-07-13,18.26
2005-07-14,18.445
2005-07-15,18.49
2005-07-18,18.45
2005-07-19,18.75
2005-07-20,18.855
2005-07-21,18.555
2005-07-22,18.61
2005-07-25,18.49
2005-07-26,18.865
2005-07-27,18.645
2005-07-28,18.685
2005-07-29,18.68
2005-08-01,18.625
2005-08-02,19.15
2005-08-03,18.97
2005-08-04,18.58
2005-08-05,18.45
2005-08-08,18.345
2005-08-09,18.52
2005-08-10,18.4
2005-08-11,18.51
2005-08-12,18.17
2005-08-15,18.35
2005-08-16,18.085
2005-08-17,18.29
2005-08-18,18.13
2005-08-19,18.12
2005-08-22,18.385
2005-08-23,18.295
2005-08-24,18.185
2005-08-25,18.265
2005-08-26,18.145
2005-08-29,18.395
2005-08-30,18.325
2005-08-31,18.49
2005-09-01,18.285
2005-09-02,18.23
2005-09-06,18.5
2005-09-07,18.485
2005-09-08,18.785
2005-09-09,18.675
2005-09-12,18.595
2005-09-13,18.7
2005-09-14,18.575
2005-09-15,18.45
2005-09-16,18.445
2005-09-19,18.27
2005-09-20,18.135
2005-09-21,17.88
2005-09-22,17.965
2005-09-23,18.1
2005-09-26,18.09
2005-09-27,17.8
2005-09-28,17.845
2005-09-29,18.16
2005-09-30,18.47
2005-10-03,18.55
2005-10-04,18.255
2005-10-05,17.96
2005-10-06,17.64
2005-10-07,17.725
2005-10-10,17.27
2005-10-11,17.055
2005-10-12,17.06
2005-10-13,17.36
2005-10-14,17.23
2005-10-17,17.24
2005-10-18,17.19
2005-10-19,17.145
2005-10-20,17.18
2005-10-21,17.365
2005-10-24,17.475
2005-10-25,17.09
2005-10-26,16.99
2005-10-27,16.69
2005-10-28,16.655
2005-10-31,16.775
2005-11-01,16.655
2005-11-02,17.155
2005-11-03,17.555
2005-11-04,17.645
2005-11-07,17.72
2005-11-08,17.725
2005-11-09,17.855
2005-11-10,18.08
2005-11-11,17.99
2005-11-14,18.165
2005-11-15,18.01
2005-11-16,17.975
2005-11-17,18.055
2005-11-18,18.24
2005-11-21,18.16
2005-11-22,18.5
2005-11-23,18.58
2005-11-25,18.73
2005-11-28,18.615
2005-11-29,18.55
2005-11-30,18.695
2005-12-01,19.39
2005-12-02,19.465
2005-12-05,19.135
2005-12-06,19.22
2005-12-07,19.12
2005-12-08,18.71
2005-12-09,18.97
2005-12-12,19.2
2005-12-13,19.275
2005-12-14,19.175
2005-12-15,19.16
2005-12-16,19.02
2005-12-19,18.56
2005-12-20,18.64
2005-12-21,18.615
2005-12-22,18.85
2005-12-23,18.91
2005-12-27,18.645
2005-12-28,18.715
2005-12-29,18.46
2005-12-30,18.32
2006-01-03,18.96
2006-01-04,19.1
2006-01-05,19.48
2006-01-06,19.825
2006-01-09,19.93
2006-01-10,19.9
2006-01-11,20.1
2006-01-12,20.02
2006-01-13,19.735
2006-01-17,19.415
2006-01-18,18.98
2006-01-19,19.38
2006-01-20,18.7
2006-01-23,18.67
2006-01-24,18.67
2006-01-25,18.615
2006-01-26,19.05
2006-01-27,19.115
2006-01-30,19.17
2006-01-31,18.65
2006-02-01,19.1
2006-02-02,18.79
2006-02-03,18.55
2006-02-06,18.89
2006-02-07,19.025
2006-02-08,19.3
2006-02-09,19.245
2006-02-10,19.055
2006-02-13,18.875
2006-02-14,19.125
2006-02-15,19.1
2006-02-16,19.35
2006-02-17,18.945
2006-02-21,18.62
2006-02-22,18.775
2006-02-23,18.5
2006-02-24,18.475
2006-02-27,18.62
2006-02-28,18.51
2006-03-01,19.265
2006-03-02,19.25
2006-03-03,18.97
2006-03-06,18.725
2006-03-07,18.36
2006-03-08,18.245
2006-03-09,17.96
2006-03-10,17.965
2006-03-13,17.95
2006-03-14,18.26
2006-03-15,18.42
2006-03-16,17.81
2006-03-17,17.775
2006-03-20,17.79
2006-03-21,17.855
2006-03-22,17.92
2006-03-23,17.915
2006-03-24,18.1
2006-03-27,18.16
2006-03-28,17.805
2006-03-29,18.34
2006-03-30,18.37
2006-03-31,18.16
2006-04-03,18.265
2006-04-04,18.19
2006-04-05,18.68
2006-04-06,18.845
2006-04-07,18.445
2006-04-10,18.3
2006-04-11,18.24
2006-04-12,18.31
2006-04-13,18.4
2006-04-17,18.075
2006-04-18,18.69
2006-04-19,18.935
2006-04-20,19.125
2006-04-21,18.71
2006-04-24,18.58
2006-04-25,18.74
2006-04-26,18.665
2006-04-27,19.0
2006-04-28,18.825
2006-05-01,18.58
2006-05-02,18.63
2006-05-03,18.755
2006-05-04,18.875
2006-05-05,19.03
2006-05-08,19.015
2006-05-09,18.83
2006-05-10,18.4
2006-05-11,18.1
2006-05-12,17.97
2006-05-15,17.85
2006-05-16,17.835
2006-05-17,17.505
2006-05-18,17.345
2006-05-19,17.59
2006-05-22,17.115
2006-05-23,16.8
2006-05-24,17.0
2006-05-25,17.0
2006-05-26,17.1
2006-05-30,16.815
2006-05-31,17.015
2006-06-01,17.31
2006-06-02,17.3
2006-06-05,16.815
2006-06-06,16.82
2006-06-07,16.455
2006-06-08,16.375
2006-06-09,16.285
2006-06-12,15.945
2006-06-13,15.915
2006-06-14,16.13
2006-06-15,16.65
2006-06-16,16.5
2006-06-19,16.41
2006-06-20,16.365
2006-06-21,16.64
2006-06-22,16.43
2006-06-23,16.225
2006-06-26,16.36
2006-06-27,16.045
2006-06-28,16.09
2006-06-29,16.535
2006-06-30,16.455
2006-07-03,16.67
2006-07-05,16.21
2006-07-06,16.16
2006-07-07,15.9
2006-07-10,15.545
2006-07-11,16.005
2006-07-12,15.575
2006-07-13,15.335
2006-07-14,15.36
2006-07-17,15.285
2006-07-18,15.365
2006-07-19,15.5
2006-07-20,15.04
2006-07-21,14.59
2006-07-24,14.88
2006-07-25,15.14
2006-07-26,15.2
2006-07-27,15.28
2006-07-28,15.71
2006-07-31,15.76
2006-08-01,15.33
2006-08-02,15.545
2006-08-03,15.68
2006-08-04,15.64
2006-08-07,15.55
2006-08-08,15.515
2006-08-09,15.525
2006-08-10,15.87
2006-08-11,15.315
2006-08-14,15.595
2006-08-15,15.98
2006-08-16,16.475
2006-08-17,16.49
2006-08-18,16.575
2006-08-21,16.3
2006-08-22,16.235
2006-08-23,16.2
2006-08-24,16.36
2006-08-25,16.385
2006-08-28,16.62
2006-08-29,16.95
2006-08-30,17.175
2006-08-31,17.045
2006-09-01,16.92
2006-09-05,17.07
2006-09-06,16.535
2006-09-07,16.405
2006-09-08,16.655
2006-09-11,16.815
2006-09-12,17.285
2006-09-13,17.22
2006-09-14,17.205
2006-09-15,17.175
2006-09-18,17.325
2006-09-19,16.995
2006-09-20,17.16
2006-09-21,16.72
2006-09-22,16.675
2006-09-25,17.11
2006-09-26,17.19
2006-09-27,17.08
2006-09-28,17.325
2006-09-29,17.145
2006-10-02,17.05
2006-10-03,16.925
2006-10-04,17.225
2006-10-05,17.095
2006-10-06,16.985
2006-10-09,17.155
2006-10-10,17.09
2006-10-11,17.315
2006-10-12,17.63
2006-10-13,17.75
2006-10-16,17.86
2006-10-17,17.45
2006-10-18,17.03
2006-10-19,16.935
2006-10-20,16.81
2006-10-23,16.925
2006-10-24,16.675
2006-10-25,17.02
2006-10-26,17.195
2006-10-27,16.775
2006-10-30,16.885
2006-10-31,17.0
2006-11-01,16.64
2006-11-02,16.525
2006-11-03,16.48
2006-11-06,16.795
2006-11-07,16.975
2006-11-08,16.93
2006-11-09,16.6
2006-11-10,16.795
2006-11-13,17.11
2006-11-14,17.635
2006-11-15,17.74
2006-11-16,17.725
2006-11-17,17.64
2006-11-20,17.81
2006-11-21,17.525
2006-11-22,17.74
2006-11-24,17.67
2006-11-27,17.32
2006-11-28,17.23
2006-11-29,17.13
2006-11-30,17.275
2006-12-01,17.01
2006-12-04,17.325
2006-12-05,17.4
2006-12-06,17.4
2006-12-07,17.19
2006-12-08,17.095
2006-12-11,17.035
2006-12-12,16.965
2006-12-13,16.825
2006-12-14,17.08
2006-12-15,17.13
2006-12-18,17.105
2006-12-19,16.855
2006-12-20,16.955
2006-12-21,16.755
2006-12-22,16.645
2006-12-26,16.755
2006-12-27,16.88
2006-12-28,16.88
2006-12-29,16.825
2007-01-03,16.785
2007-01-04,17.095
2007-01-05,16.925
2007-01-08,17.03
2007-01-09,17.165
2007-01-10,17.375
2007-01-11,17.49
2007-01-12,17.545
2007-01-16,17.36
2007-01-17,17.22
2007-01-18,16.58
2007-01-19,16.7
2007-01-22,16.585
2007-01-23,16.565
2007-01-24,16.795
2007-01-25,16.775
2007-01-26,16.91
2007-01-29,16.875
2007-01-30,16.895
2007-01-31,16.915
2007-02-01,17.05
2007-02-02,17.16
2007-02-05,17.225
2007-02-06,17.11
2007-02-07,17.25
2007-02-08,17.18
2007-02-09,16.97
2007-02-12,16.795
2007-02-13,16.865
2007-02-14,17.235
2007-02-15,17.25
2007-02-16,17.23
2007-02-20,17.255
2007-02-21,17.24
2007-02-22,17.7
2007-02-23,17.78
2007-02-26,17.755
2007-02-27,17.225
2007-02-28,17.215
2007-03-01,17.06
2007-03-02,16.83
2007-03-05,16.675
2007-03-06,16.945
2007-03-07,16.885
2007-03-08,17.015
2007-03-09,17.305
2007-03-12,17.37
2007-03-13,17.17
2007-03-14,17.135
2007-03-15,17.17
2007-03-16,17.045
2007-03-19,16.97
2007-03-20,17.08
2007-03-21,17.3
2007-03-22,17.175
2007-03-23,17.18
2007-03-26,17.13
2007-03-27,17.12
2007-03-28,16.88
2007-03-29,16.79
2007-03-30,16.695
2007-04-02,16.725
2007-04-03,16.785
2007-04-04,17.02
2007-04-05,17.12
2007-04-09,17.145
2007-04-10,17.415
2007-04-11,17.235
2007-04-12,17.32
2007-04-13,17.235
2007-04-16,17.345
2007-04-17,17.31
2007-04-18,17.79
2007-04-19,18.01
2007-04-20,18.115
2007-04-23,17.985
2007-04-24,18.57
2007-04-25,18.85
2007-04-26,18.76
2007-04-27,18.535
2007-04-30,18.305
2007-05-01,18.435
2007-05-02,18.555
2007-05-03,18.535
2007-05-04,18.76
2007-05-07,18.735
2007-05-08,18.645
2007-05-09,19.05
2007-05-10,18.76
2007-05-11,18.99
2007-05-14,19.03
2007-05-15,18.78
2007-05-16,18.725
2007-05-17,18.55
2007-05-18,18.575
2007-05-21,18.55
2007-05-22,18.645
2007-05-23,18.31
2007-05-24,18.035
2007-05-25,18.13
2007-05-29,18.21
2007-05-30,18.085
2007-05-31,18.355
2007-06-01,18.49
2007-06-04,18.445
2007-06-05,18.315
2007-06-06,18.1
2007-06-07,17.845
2007-06-08,18.36
2007-06-11,18.295
2007-06-12,18.155
2007-06-13,18.55
2007-06-14,18.725
2007-06-15,19.1
2007-06-18,19.125
2007-06-19,19.005
2007-06-20,18.89
2007-06-21,19.425
2007-06-22,19.14
2007-06-25,18.92
2007-06-26,18.875
2007-06-27,19.295
2007-06-28,19.17
2007-06-29,19.025
2007-07-02,19.3
2007-07-03,19.38
2007-07-05,19.445
2007-07-06,19.615
2007-07-09,19.705
2007-07-10,19.56
2007-07-11,19.525
2007-07-12,20.11
2007-07-13,20.095
2007-07-16,20.15
2007-07-17,20.525
2007-07-18,20.15
2007-07-19,20.21
2007-07-20,19.94
2007-07-23,19.925
2007-07-24,19.515
2007-07-25,19.57
2007-07-26,19.21
2007-07-27,18.865
2007-07-30,19.15
2007-07-31,18.885
2007-08-01,18.96
2007-08-02,18.955
2007-08-03,18.545
2007-08-06,18.75
2007-08-07,18.72
2007-08-08,19.1
2007-08-09,18.8
2007-08-10,18.85
2007-08-13,18.73
2007-08-14,18.49
2007-08-15,18.05
2007-08-16,18.0
2007-08-17,18.275
2007-08-20,18.5
2007-08-21,18.58
2007-08-22,18.665
2007-08-23,18.615
2007-08-24,18.84
2007-08-27,18.615
2007-08-28,18.15
2007-08-29,18.675
2007-08-30,18.7
2007-08-31,18.945
2007-09-04,19.44
2007-09-05,19.19
2007-09-06,19.36
2007-09-07,18.905
2007-09-10,18.895
2007-09-11,19.115
2007-09-12,18.79
2007-09-13,18.715
2007-09-14,18.57
2007-09-17,18.525
2007-09-18,18.885
2007-09-19,19.075
2007-09-20,19.145
2007-09-21,19.29
2007-09-24,19.185
2007-09-25,19.15
2007-09-26,19.09
2007-09-27,19.18
2007-09-28,19.15
2007-10-01,19.465
2007-10-02,19.48
2007-10-03,19.08
2007-10-04,18.985
2007-10-05,19.225
2007-10-08,19.25
2007-10-09,19.175
2007-10-10,19.045
2007-10-11,18.705
2007-10-12,18.17
2007-10-15,18.15
2007-10-16,18.08
2007-10-17,18.4
2007-10-18,18.36
2007-10-19,17.815
2007-10-22,18.0
2007-10-23,17.715
2007-10-24,17.225
2007-10-25,16.925
2007-10-26,16.895
2007-10-29,17.075
2007-10-30,17.11
2007-10-31,17.31
2007-11-01,17.035
2007-11-02,17.125
2007-11-05,17.025
2007-11-06,17.205
2007-11-07,16.825
2007-11-08,16.525
2007-11-09,16.47
2007-11-12,16.31
2007-11-13,16.6
2007-11-14,16.455
2007-11-15,16.35
2007-11-16,16.395
2007-11-19,16.11
2007-11-20,16.025
2007-11-21,15.715
2007-11-23,15.895
2007-11-26,15.55
2007-11-27,15.79
2007-11-28,16.5
2007-11-29,16.325
2007-11-30,16.16
2007-12-03,16.155
2007-12-04,16.08
2007-12-05,16.535
2007-12-06,16.77
2007-12-07,16.71
2007-12-10,16.845
2007-12-11,16.525
2007-12-12,16.76
2007-12-13,16.585
2007-12-14,16.335
2007-12-17,16.08
2007-12-18,16.15
2007-12-19,16.18
2007-12-20,16.41
2007-12-21,16.56
2007-12-24,16.695
2007-12-26,16.67
2007-12-27,16.37
2007-12-28,16.315
2007-12-31,16.23
2008-01-02,15.68
2008-01-03,15.405
2008-01-04,14.625
2008-01-07,14.705
2008-01-08,14.435
2008-01-09,14.46
2008-01-10,14.41
2008-01-11,14.1
2008-01-14,14.58
2008-01-15,14.215
2008-01-16,13.955
2008-01-17,13.765
2008-01-18,13.955
2008-01-22,13.705
2008-01-23,14.195
2008-01-24,14.445
2008-01-25,14.01
2008-01-28,14.33
2008-01-29,14.275
2008-01-30,14.405
2008-01-31,14.075
2008-02-01,15.12
2008-02-04,14.75
2008-02-05,14.21
2008-02-06,13.95
2008-02-07,14.005
2008-02-08,14.075
2008-02-11,14.35
2008-02-12,14.35
2008-02-13,14.81
2008-02-14,14.47
2008-02-15,14.29
2008-02-19,14.145
2008-02-20,14.425
2008-02-21,14.405
2008-02-22,14.395
2008-02-25,14.495
2008-02-26,14.76
2008-02-27,14.935
2008-02-28,14.725
2008-02-29,14.275
2008-03-03,14.2
2008-03-04,14.315
2008-03-05,14.475
2008-03-06,14.22
2008-03-07,14.315
2008-03-10,14.345
2008-03-11,14.635
2008-03-12,14.555
2008-03-13,14.655
2008-03-14,14.34
2008-03-17,14.365
2008-03-18,14.865
2008-03-19,14.355
2008-03-20,14.545
2008-03-24,14.9
2008-03-25,14.93
2008-03-26,14.705
2008-03-27,14.45
2008-03-28,14.265
2008-03-31,14.36
2008-04-01,14.865
2008-04-02,14.985
2008-04-03,15.29
2008-04-04,15.22
2008-04-07,15.145
2008-04-08,14.73
2008-04-09,14.9
2008-04-10,15.245
2008-04-11,14.775
2008-04-14,14.45
2008-04-15,14.43
2008-04-16,15.025
2008-04-17,15.05
2008-04-18,15.2
2008-04-21,15.47
2008-04-22,15.025
2008-04-23,15.3
2008-04-24,15.45
2008-04-25,15.48
2008-04-28,15.46
2008-04-29,15.505
2008-04-30,15.285
2008-05-01,15.815
2008-05-02,15.895
2008-05-05,15.785
2008-05-06,15.9
2008-05-07,15.815
2008-05-08,15.88
2008-05-09,15.87
2008-05-12,16.04
2008-05-13,16.06
2008-05-14,16.24
2008-05-15,16.575
2008-05-16,16.64
2008-05-19,16.65
2008-05-20,16.34
2008-05-21,16.145
2008-05-22,16.15
2008-05-23,16.04
2008-05-27,16.29
2008-05-28,16.34
2008-05-29,16.335
2008-05-30,16.325
2008-06-02,16.275
2008-06-03,16.1
2008-06-04,16.4
2008-06-05,16.45
2008-06-06,16.055
2008-06-09,16.025
2008-06-10,15.8
2008-06-11,15.35
2008-06-12,15.375
2008-06-13,15.885
2008-06-16,16.0
2008-06-17,15.85
2008-06-18,15.545
2008-06-19,15.84
2008-06-20,15.55
2008-06-23,15.325
2008-06-24,15.415
2008-06-25,15.64
2008-06-26,15.0
2008-06-27,14.945
2008-06-30,14.825
2008-07-01,14.7
2008-07-02,14.44
2008-07-03,14.35
2008-07-07,14.325
2008-07-08,14.45
2008-07-09,13.875
2008-07-10,14.125
2008-07-11,14.095
2008-07-14,14.0
2008-07-15,14.17
2008-07-16,14.475
2008-07-17,14.9
2008-07-18,14.86
2008-07-21,14.715
2008-07-22,14.05
2008-07-23,14.17
2008-07-24,13.75
2008-07-25,13.755
2008-07-28,13.61
2008-07-29,13.85
2008-07-30,13.95
2008-07-31,13.955
2008-08-01,13.93
2008-08-04,14.04
2008-08-05,14.35
2008-08-06,14.4
2008-08-07,14.675
2008-08-08,14.99
2008-08-11,15.16
2008-08-12,15.2
2008-08-13,15.2
2008-08-14,15.225
2008-08-15,15.2
2008-08-18,15.025
2008-08-19,14.675
2008-08-20,14.525
2008-08-21,14.39
2008-08-22,14.575
2008-08-25,14.39
2008-08-26,14.34
2008-08-27,14.4
2008-08-28,14.58
2008-08-29,14.25
2008-09-02,14.075
2008-09-03,13.515
2008-09-04,13.075
2008-09-05,13.25
2008-09-08,13.275
2008-09-09,12.865
2008-09-10,12.875
2008-09-11,12.93
2008-09-12,12.875
2008-09-15,12.63
2008-09-16,12.825
2008-09-17,12.255
2008-09-18,12.925
2008-09-19,13.25
2008-09-22,12.49
2008-09-23,12.425
2008-09-24,12.375
2008-09-25,12.7
2008-09-26,12.925
2008-09-29,11.725
2008-09-30,12.35
2008-10-01,12.125
2008-10-02,11.55
2008-10-03,11.45
2008-10-06,11.22
2008-10-07,10.475
2008-10-08,10.54
2008-10-09,10.26
2008-10-10,10.15
2008-10-13,11.125
2008-10-14,10.25
2008-10-15,9.55
2008-10-16,9.99
2008-10-17,9.825
2008-10-20,10.1
2008-10-21,9.675
2008-10-22,9.225
2008-10-23,9.175
2008-10-24,9.175
2008-10-27,9.14
2008-10-28,10.11
2008-10-29,9.645
2008-10-30,10.19
2008-10-31,10.375
2008-11-03,10.1
2008-11-04,10.525
2008-11-05,9.885
2008-11-06,8.975
2008-11-07,9.425
2008-11-10,9.05
2008-11-11,8.95
2008-11-12,8.575
2008-11-13,9.375
2008-11-14,8.55
2008-11-17,8.375
2008-11-18,8.225
2008-11-19,7.64
2008-11-20,7.35
2008-11-21,7.625
2008-11-24,8.225
2008-11-25,7.995
2008-11-26,8.475
2008-11-28,8.315
2008-12-01,7.765
2008-12-02,7.9
2008-12-03,8.25
2008-12-04,7.905
2008-12-05,8.105
2008-12-08,8.355
2008-12-09,8.715
2008-12-10,8.675
2008-12-11,8.55
2008-12-12,9.1
2008-12-15,8.765
2008-12-16,9.3
2008-12-17,9.225
2008-12-18,8.64
2008-12-19,8.795
2008-12-22,8.595
2008-12-23,8.295
2008-12-24,8.43
2008-12-26,8.355
2008-12-29,8.425
2008-12-30,8.755
2008-12-31,8.805
2009-01-02,9.19
2009-01-05,9.14
2009-01-06,9.58
2009-01-07,9.035
2009-01-08,9.03
2009-01-09,8.76
2009-01-12,8.53
2009-01-13,8.61
2009-01-14,8.235
2009-01-15,8.42
2009-01-16,8.805
2009-01-20,8.215
2009-01-21,8.405
2009-01-22,8.18
2009-01-23,8.535
2009-01-26,8.57
2009-01-27,8.89
2009-01-28,9.08
2009-01-29,8.61
2009-01-30,8.46
2009-02-02,8.705
2009-02-03,8.78
2009-02-04,8.935
2009-02-05,9.26
2009-02-06,9.445
2009-02-09,9.48
2009-02-10,9.05
2009-02-11,8.915
2009-02-12,8.97
2009-02-13,9.055
2009-02-17,8.465
2009-02-18,8.47
2009-02-19,8.065
2009-02-20,8.15
2009-02-23,7.83
2009-02-24,8.205
2009-02-25,8.49
2009-02-26,8.36
2009-02-27,8.235
2009-03-02,7.87
2009-03-03,7.965
2009-03-04,8.305
2009-03-05,8.205
2009-03-06,8.06
2009-03-09,7.955
2009-03-10,8.62
2009-03-11,8.755
2009-03-12,9.05
2009-03-13,9.185
2009-03-16,8.885
2009-03-17,9.235
2009-03-18,9.51
2009-03-19,9.4
2009-03-20,9.07
2009-03-23,9.635
2009-03-24,9.39
2009-03-25,9.41
2009-03-26,9.91
2009-03-27,9.685
2009-03-30,9.255
2009-03-31,9.35
2009-04-01,9.37
2009-04-02,9.75
2009-04-03,10.0
2009-04-06,9.795
2009-04-07,9.49
2009-04-08,9.62
2009-04-09,10.06
2009-04-13,10.025
2009-04-14,10.065
2009-04-15,9.86
2009-04-16,10.24
2009-04-17,10.215
2009-04-20,9.745
2009-04-21,9.76
2009-04-22,10.075
2009-04-23,9.985
2009-04-24,10.125
2009-04-27,9.935
2009-04-28,9.815
2009-04-29,9.95
2009-04-30,10.235
2009-05-01,10.195
2009-05-04,10.685
2009-05-05,10.475
2009-05-06,10.58
2009-05-07,10.07
2009-05-08,9.865
2009-05-11,9.9
2009-05-12,9.695
2009-05-13,9.525
2009-05-14,9.77
2009-05-15,9.59
2009-05-18,9.85
2009-05-19,10.025
2009-05-20,10.15
2009-05-21,9.905
2009-05-22,9.985
2009-05-26,10.25
2009-05-27,10.315
2009-05-28,10.545
2009-05-29,10.55
2009-06-01,11.085
2009-06-02,10.74
2009-06-03,10.675
2009-06-04,10.805
2009-06-05,10.555
2009-06-08,10.6
2009-06-09,11.01
2009-06-10,11.0
2009-06-11,10.995
2009-06-12,10.815
2009-06-15,10.725
2009-06-16,10.52
2009-06-17,10.74
2009-06-18,10.53
2009-06-19,10.695
2009-06-22,10.375
2009-06-23,10.3
2009-06-24,10.51
2009-06-25,10.66
2009-06-26,10.68
2009-06-29,10.685
2009-06-30,10.725
2009-07-01,10.88
2009-07-02,10.785
2009-07-06,10.715
2009-07-07,10.44
2009-07-08,10.27
2009-07-09,10.43
2009-07-10,10.485
2009-07-13,10.725
2009-07-14,10.915
2009-07-15,11.45
2009-07-16,11.7
2009-07-17,11.835
2009-07-20,11.985
2009-07-21,11.905
2009-07-22,12.19
2009-07-23,12.395
2009-07-24,12.4
2009-07-27,12.4
2009-07-28,12.505
2009-07-29,12.415
2009-07-30,12.405
2009-07-31,12.475
2009-08-03,12.635
2009-08-04,12.63
2009-08-05,12.51
2009-08-06,12.345
2009-08-07,12.315
2009-08-10,12.235
2009-08-11,12.12
2009-08-12,12.225
2009-08-13,12.51
2009-08-14,12.275
2009-08-17,11.98
2009-08-18,12.16
2009-08-19,12.275
2009-08-20,12.29
2009-08-21,12.515
2009-08-24,12.41
2009-08-25,12.455
2009-08-26,12.585
2009-08-27,12.6
2009-08-28,12.845
2009-08-31,12.725
2009-09-01,12.42
2009-09-02,12.36
2009-09-03,12.465
2009-09-04,12.765
2009-09-08,12.955
2009-09-09,13.065
2009-09-10,13.075
2009-09-11,12.875
2009-09-14,12.87
2009-09-15,12.95
2009-09-16,12.9
2009-09-17,12.66
2009-09-18,12.785
2009-09-21,12.73
2009-09-22,12.825
2009-09-23,12.965
2009-09-24,12.725
2009-09-25,12.695
2009-09-28,12.95
2009-09-29,12.76
2009-09-30,12.81
2009-10-01,12.3
2009-10-02,12.21
2009-10-05,12.345
2009-10-06,12.625
2009-10-07,12.6
2009-10-08,12.545
2009-10-09,12.945
2009-10-12,13.14
2009-10-13,13.095
2009-10-14,13.285
2009-10-15,13.085
2009-10-16,12.83
2009-10-19,13.05
2009-10-20,12.98
2009-10-21,12.725
2009-10-22,12.96
2009-10-23,12.63
2009-10-26,12.69
2009-10-27,12.5
2009-10-28,12.17
2009-10-29,12.42
2009-10-30,12.095
2009-11-02,12.085
2009-11-03,11.95
2009-11-04,12.0
2009-11-05,12.285
2009-11-06,12.255
2009-11-09,12.635
2009-11-10,12.74
2009-11-11,12.895
2009-11-12,12.79
2009-11-13,12.845
2009-11-16,13.165
2009-11-17,13.16
2009-11-18,13.035
2009-11-19,12.6
2009-11-20,12.54
2009-11-23,12.675
2009-11-24,12.76
2009-11-25,12.825
2009-11-27,12.7
2009-11-30,12.73
2009-12-01,13.1
2009-12-02,13.2
2009-12-03,13.38
2009-12-04,13.565
2009-12-07,13.555
2009-12-08,13.465
2009-12-09,13.515
2009-12-10,13.475
2009-12-11,13.375
2009-12-14,13.555
2009-12-15,13.43
2009-12-16,13.52
2009-12-17,13.29
2009-12-18,13.535
2009-12-21,13.81
2009-12-22,13.84
2009-12-23,13.825
2009-12-24,14.035
2009-12-28,13.895
2009-12-29,13.835
2009-12-30,14.075
2009-12-31,13.96
2010-01-04,14.205
2010-01-05,14.125
2010-01-06,14.09
2010-01-07,13.98
2010-01-08,14.26
2010-01-11,14.21
2010-01-12,13.705
2010-01-13,13.88
2010-01-14,13.9
2010-01-15,13.465
2010-01-19,13.66
2010-01-20,13.585
2010-01-21,13.505
2010-01-22,12.835
2010-01-25,13.01
2010-01-26,12.9
2010-01-27,13.085
2010-01-28,12.77
2010-01-29,12.38
2010-02-01,12.65
2010-02-02,12.795
2010-02-03,12.75
2010-02-04,12.255
2010-02-05,12.555
2010-02-08,12.505
2010-02-09,12.635
2010-02-10,12.67
2010-02-11,12.895
2010-02-12,13.03
2010-02-16,13.32
2010-02-17,13.33
2010-02-18,13.405
2010-02-19,13.42
2010-02-22,13.38
2010-02-23,13.055
2010-02-24,13.285
2010-02-25,13.265
2010-02-26,13.19
2010-03-01,13.51
2010-03-02,13.44
2010-03-03,13.345
2010-03-04,13.365
2010-03-05,13.515
2010-03-08,13.47
2010-03-09,13.4
2010-03-10,13.68
2010-03-11,13.55
2010-03-12,13.505
2010-03-15,13.415
2010-03-16,13.83
2010-03-17,14.025
2010-03-18,13.925
2010-03-19,13.745
2010-03-22,13.995
2010-03-23,14.305
2010-03-24,13.98
2010-03-25,13.955
2010-03-26,13.9
2010-03-29,13.975
2010-03-30,14.02
2010-03-31,13.935
2010-04-01,13.96
2010-04-05,14.29
2010-04-06,14.175
2010-04-07,14.25
2010-04-08,14.035
2010-04-09,14.19
2010-04-12,14.375
2010-04-13,14.49
2010-04-14,15.08
2010-04-15,15.225
2010-04-16,15.02
2010-04-19,14.955
2010-04-20,15.12
2010-04-21,14.92
2010-04-22,15.12
2010-04-23,15.165
2010-04-26,15.2
2010-04-27,14.74
2010-04-28,14.805
2010-04-29,15.025
2010-04-30,14.495
2010-05-03,14.8
2010-05-04,14.275
2010-05-05,14.18
2010-05-06,13.695
2010-05-07,13.5
2010-05-10,14.195
2010-05-11,14.105
2010-05-12,14.52
2010-05-13,14.08
2010-05-14,13.725
2010-05-17,13.955
2010-05-18,13.575
2010-05-19,13.685
2010-05-20,13.34
2010-05-21,13.47
2010-05-24,13.27
2010-05-25,13.42
2010-05-26,13.325
2010-05-27,13.935
2010-05-28,13.71
2010-06-01,13.48
2010-06-02,13.88
2010-06-03,14.055
2010-06-04,13.49
2010-06-07,13.06
2010-06-08,13.095
2010-06-09,12.97
2010-06-10,13.405
2010-06-11,13.54
2010-06-14,13.6
2010-06-15,14.225
2010-06-16,14.265
2010-06-17,14.275
2010-06-18,14.23
2010-06-21,14.1
2010-06-22,13.905
2010-06-23,13.935
2010-06-24,13.615
2010-06-25,13.585
2010-06-28,13.685
2010-06-29,13.18
2010-06-30,12.96
2010-07-01,12.91
2010-07-02,12.84
2010-07-06,12.89
2010-07-07,13.51
2010-07-08,13.475
2010-07-09,13.65
2010-07-12,13.795
2010-07-13,14.095
2010-07-14,14.05
2010-07-15,14.06
2010-07-16,13.725
2010-07-19,14.08
2010-07-20,13.995
2010-07-21,13.74
2010-07-22,14.17
2010-07-23,14.22
2010-07-26,14.335
2010-07-27,14.28
2010-07-28,14.04
2010-07-29,13.82
2010-07-30,13.695
2010-08-02,13.94
2010-08-03,13.75
2010-08-04,13.865
2010-08-05,13.885
2010-08-06,13.875
2010-08-09,13.935
2010-08-10,13.595
2010-08-11,13.255
2010-08-12,13.015
2010-08-13,12.85
2010-08-16,12.975
2010-08-17,13.13
2010-08-18,13.27
2010-08-19,13.005
2010-08-20,12.99
2010-08-23,12.87
2010-08-24,12.665
2010-08-25,12.73
2010-08-26,12.475
2010-08-27,12.655
2010-08-30,12.315
2010-08-31,12.135
2010-09-01,12.505
2010-09-02,12.73
2010-09-03,12.93
2010-09-07,12.655
2010-09-08,12.63
2010-09-09,12.705
2010-09-10,12.55
2010-09-13,12.945
2010-09-14,13.14
2010-09-15,13.105
2010-09-16,13.275
2010-09-17,13.315
2010-09-20,13.38
2010-09-21,13.36
2010-09-22,13.145
2010-09-23,13.265
2010-09-24,13.77
2010-09-27,13.665
2010-09-28,13.93
2010-09-29,13.88
2010-09-30,13.855
2010-10-01,13.855
2010-10-04,13.69
2010-10-05,14.05
2010-10-06,13.94
2010-10-07,14.01
2010-10-08,14.165
2010-10-11,14.245
2010-10-12,14.335
2010-10-13,14.135
2010-10-14,14.105
2010-10-15,14.225
2010-10-18,14.14
2010-10-19,13.97
2010-10-20,14.095
2010-10-21,14.07
2010-10-22,14.25
2010-10-25,14.365
2010-10-26,14.34
2010-10-27,14.655
2010-10-28,14.69
2010-10-29,14.755
2010-11-01,14.785
2010-11-02,14.845
2010-11-03,14.995
2010-11-04,15.37
2010-11-05,15.595
2010-11-08,15.58
2010-11-09,15.435
2010-11-10,15.435
2010-11-11,15.265
2010-11-12,15.26
2010-11-15,15.16
2010-11-16,15.0
2010-11-17,15.05
2010-11-18,15.275
2010-11-19,15.42
2010-11-22,15.61
2010-11-23,15.51
2010-11-24,15.84
2010-11-26,15.745
2010-11-29,15.72
2010-11-30,15.53
2010-12-01,15.935
2010-12-02,16.22
2010-12-03,16.325
2010-12-06,16.305
2010-12-07,16.33
2010-12-08,16.485
2010-12-09,16.5
2010-12-10,16.43
2010-12-13,16.29
2010-12-14,16.295
2010-12-15,16.165
2010-12-16,16.26
2010-12-17,16.325
2010-12-20,16.19
2010-12-21,16.325
2010-12-22,16.255
2010-12-23,16.25
2010-12-27,16.305
2010-12-28,16.22
2010-12-29,16.285
2010-12-30,16.3
2010-12-31,16.265
2011-01-03,16.345
2011-01-04,16.355
2011-01-05,16.325
2011-01-06,16.445
2011-01-07,16.415
2011-01-10,16.46
2011-01-11,16.585
2011-01-12,16.76
2011-01-13,16.765
2011-01-14,17.205
2011-01-18,17.295
2011-01-19,17.07
2011-01-20,16.935
2011-01-21,16.87
2011-01-24,17.225
2011-01-25,17.125
2011-01-26,17.23
2011-01-27,17.565
2011-01-28,17.2
2011-01-31,17.205
2011-02-01,17.64
2011-02-02,17.68
2011-02-03,17.62
2011-02-04,17.905
2011-02-07,17.84
2011-02-08,17.825
2011-02-09,17.79
2011-02-10,17.88
2011-02-11,18.0
2011-02-14,18.095
2011-02-15,18.01
2011-02-16,18.145
2011-02-17,18.295
2011-02-18,18.28
2011-02-22,17.75
2011-02-23,17.49
2011-02-24,17.63
2011-02-25,18.01
2011-02-28,17.89
2011-03-01,17.6
2011-03-02,17.975
2011-03-03,18.345
2011-03-04,18.21
2011-03-07,17.7
2011-03-08,17.715
2011-03-09,17.19
2011-03-10,16.87
2011-03-11,16.975
2011-03-14,16.945
2011-03-15,16.675
2011-03-16,16.275
2011-03-17,16.49
2011-03-18,16.525
2011-03-21,16.85
2011-03-22,16.755
2011-03-23,16.96
2011-03-24,17.27
2011-03-25,17.285
2011-03-28,17.235
2011-03-29,17.37
2011-03-30,17.375
2011-03-31,17.295
2011-04-01,17.04
2011-04-04,16.91
2011-04-05,17.31
2011-04-06,17.53
2011-04-07,17.505
2011-04-08,17.44
2011-04-11,17.315
2011-04-12,16.975
2011-04-13,17.02
2011-04-14,17.035
2011-04-15,17.18
2011-04-18,16.95
2011-04-19,17.025
2011-04-20,17.825
2011-04-21,17.885
2011-04-25,17.95
2011-04-26,18.255
2011-04-27,18.375
2011-04-28,18.295
2011-04-29,18.345
2011-05-02,18.145
2011-05-03,18.06
2011-05-04,18.12
2011-05-05,18.19
2011-05-06,18.27
2011-05-09,18.17
2011-05-10,18.255
2011-05-11,18.19
2011-05-12,18.375
2011-05-13,18.24
2011-05-16,18.065
2011-05-17,17.83
2011-05-18,18.22
2011-05-19,18.065
2011-05-20,17.95
2011-05-23,17.6
2011-05-24,17.47
2011-05-25,17.575
2011-05-26,17.61
2011-05-27,17.665
2011-05-31,17.945
2011-06-01,17.385
2011-06-02,17.44
2011-06-03,17.08
2011-06-06,17.02
2011-06-07,17.135
2011-06-08,16.775
2011-06-09,16.825
2011-06-10,16.555
2011-06-13,16.425
2011-06-14,16.72
2011-06-15,16.42
2011-06-16,16.26
2011-06-17,16.16
2011-06-20,16.215
2011-06-21,16.57
2011-06-22,16.465
2011-06-23,16.7
2011-06-24,16.33
2011-06-27,16.5
2011-06-28,16.63
2011-06-29,16.6
2011-06-30,17.04
2011-07-01,17.385
2011-07-05,17.205
2011-07-06,17.19
2011-07-07,17.585
2011-07-08,17.325
2011-07-11,17.08
2011-07-12,16.55
2011-07-13,16.44
2011-07-14,16.23
2011-07-15,16.29
2011-07-18,16.145
2011-07-19,16.61
2011-07-20,16.49
2011-07-21,16.615
2011-07-22,16.895
2011-07-25,16.735
2011-07-26,16.79
2011-07-27,16.24
2011-07-28,16.15
2011-07-29,16.03
2011-08-01,16.035
2011-08-02,15.59
2011-08-03,15.74
2011-08-04,14.885
2011-08-05,14.7
2011-08-08,14.14
2011-08-09,14.59
2011-08-10,14.24
2011-08-11,14.775
2011-08-12,14.74
2011-08-15,14.97
2011-08-16,14.725
2011-08-17,14.68
2011-08-18,13.955
2011-08-19,13.675
2011-08-22,13.83
2011-08-23,14.365
2011-08-24,14.315
2011-08-25,13.95
2011-08-26,14.235
2011-08-29,14.685
2011-08-30,14.665
2011-08-31,14.58
2011-09-01,14.375
2011-09-02,14.035
2011-09-06,13.985
2011-09-07,14.42
2011-09-08,14.345
2011-09-09,14.26
2011-09-12,14.565
2011-09-13,14.815
2011-09-14,15.16
2011-09-15,15.38
2011-09-16,15.465
2011-09-19,15.355
2011-09-20,15.235
2011-09-21,14.955
2011-09-22,14.56
2011-09-23,14.86
2011-09-26,14.9
2011-09-27,15.21
2011-09-28,14.805
2011-09-29,14.69
2011-09-30,14.22
2011-10-03,13.84
2011-10-04,13.585
2011-10-05,14.01
2011-10-06,14.19
2011-10-07,14.3
2011-10-10,14.705
2011-10-11,14.71
2011-10-12,14.835
2011-10-13,15.16
2011-10-14,15.305
2011-10-17,15.0
2011-10-18,15.25
2011-10-19,15.12
2011-10-20,14.915
2011-10-21,15.325
2011-10-24,15.81
2011-10-25,15.655
2011-10-26,15.72
2011-10-27,16.255
2011-10-28,16.27
2011-10-31,15.87
2011-11-01,15.415
2011-11-02,15.405
2011-11-03,15.83
2011-11-04,15.96
2011-11-07,15.97
2011-11-08,16.075
2011-11-09,15.375
2011-11-10,15.515
2011-11-11,16.005
2011-11-14,15.85
2011-11-15,16.07
2011-11-16,15.965
2011-11-17,15.405
2011-11-18,15.24
2011-11-21,14.88
2011-11-22,14.655
2011-11-23,14.235
2011-11-25,14.125
2011-11-28,14.555
2011-11-29,14.525
2011-11-30,15.335
2011-12-01,15.4
2011-12-02,15.3
2011-12-05,15.525
2011-12-06,15.55
2011-12-07,15.675
2011-12-08,15.25
2011-12-09,15.435
2011-12-12,14.95
2011-12-13,14.685
2011-12-14,14.43
2011-12-15,14.56
2011-12-16,14.56
2011-12-19,14.445
2011-12-20,15.015
2011-12-21,14.84
2011-12-22,15.215
2011-12-23,15.325
2011-12-27,15.325
2011-12-28,15.14
2011-12-29,15.275
2011-12-30,15.215
2012-01-03,15.425
2012-01-04,15.435
2012-01-05,15.625
2012-01-06,15.605
2012-01-09,15.86
2012-01-10,15.975
2012-01-11,15.955
2012-01-12,16.095
2012-01-13,15.795
2012-01-17,15.815
2012-01-18,16.445
2012-01-19,16.715
2012-01-20,16.835
2012-01-23,16.835
2012-01-24,16.9
2012-01-25,16.95
2012-01-26,16.865
2012-01-27,16.88
2012-01-30,16.765
2012-01-31,16.76
2012-02-01,17.035
2012-02-02,17.04
2012-02-03,17.31
2012-02-06,17.13
2012-02-07,17.18
2012-02-08,17.335
2012-02-09,17.395
2012-02-10,17.085
2012-02-13,17.145
2012-02-14,17.2
2012-02-15,17.245
2012-02-16,17.595
2012-02-17,17.565
2012-02-21,17.36
2012-02-22,17.26
2012-02-23,17.22
2012-02-24,17.2
2012-02-27,17.27
2012-02-28,17.52
2012-02-29,17.25
2012-03-01,17.25
2012-03-02,17.115
2012-03-05,16.75
2012-03-06,16.69
2012-03-07,16.92
2012-03-08,17.075
2012-03-09,17.21
2012-03-12,17.055
2012-03-13,17.45
2012-03-14,17.355
2012-03-15,17.645
2012-03-16,17.64
2012-03-19,17.82
2012-03-20,17.71
2012-03-21,17.795
2012-03-22,17.695
2012-03-23,17.715
2012-03-26,17.99
2012-03-27,17.98
2012-03-28,17.765
2012-03-29,17.8
2012-03-30,17.9
2012-04-02,17.955
2012-04-03,17.705
2012-04-04,17.39
2012-04-05,17.475
2012-04-09,17.215
2012-04-10,16.94
2012-04-11,17.2
2012-04-12,17.51
2012-04-13,17.27
2012-04-16,17.335
2012-04-17,17.545
2012-04-18,17.43
2012-04-19,17.32
2012-04-20,17.02
2012-04-23,16.78
2012-04-24,16.585
2012-04-25,16.935
2012-04-26,17.32
2012-04-27,17.41
2012-04-30,17.295
2012-05-01,17.37
2012-05-02,17.465
2012-05-03,17.07
2012-05-04,16.68
2012-05-07,16.65
2012-05-08,16.47
2012-05-09,16.405
2012-05-10,16.435
2012-05-11,16.525
2012-05-14,16.29
2012-05-15,16.155
2012-05-16,16.01
2012-05-17,15.71
2012-05-18,15.435
2012-05-21,15.76
2012-05-22,15.675
2012-05-23,15.61
2012-05-24,15.51
2012-05-25,15.615
2012-05-29,15.895
2012-05-30,15.66
2012-05-31,15.535
2012-06-01,14.955
2012-06-04,14.945
2012-06-05,15.235
2012-06-06,15.695
2012-06-07,15.565
2012-06-08,15.73
2012-06-11,15.47
2012-06-12,15.825
2012-06-13,15.705
2012-06-14,15.655
2012-06-15,15.905
2012-06-18,16.06
2012-06-19,16.22
2012-06-20,16.34
2012-06-21,15.79
2012-06-22,15.955
2012-06-25,15.41
2012-06-26,15.41
2012-06-27,15.61
2012-06-28,15.505
2012-06-29,16.115
2012-07-02,16.095
2012-07-03,16.275
2012-07-05,16.115
2012-07-06,15.74
2012-07-09,15.57
2012-07-10,15.36
2012-07-11,15.25
2012-07-12,15.025
2012-07-13,15.21
2012-07-16,15.055
2012-07-17,15.03
2012-07-18,15.56
2012-07-19,15.69
2012-07-20,15.43
2012-07-23,15.27
2012-07-24,15.16
2012-07-25,15.48
2012-07-26,15.795
2012-07-27,16.175
2012-07-30,16.055
2012-07-31,16.12
2012-08-01,16.12
2012-08-02,16.0
2012-08-03,16.42
2012-08-06,16.415
2012-08-07,16.635
2012-08-08,16.705
2012-08-09,16.83
2012-08-10,16.95
2012-08-13,16.82
2012-08-14,16.72
2012-08-15,16.75
2012-08-16,16.95
2012-08-17,16.81
2012-08-20,16.77
2012-08-21,16.8
2012-08-22,16.655
2012-08-23,16.48
2012-08-24,16.53
2012-08-27,16.45
2012-08-28,16.425
2012-08-29,16.455
2012-08-30,16.22
2012-08-31,16.485
2012-09-04,16.23
2012-09-05,16.115
2012-09-06,16.63
2012-09-07,16.47
2012-09-10,16.205
2012-09-11,16.285
2012-09-12,16.285
2012-09-13,16.41
2012-09-14,16.66
2012-09-17,16.495
2012-09-18,16.48
2012-09-19,16.315
2012-09-20,16.13
2012-09-21,16.145
2012-09-24,15.92
2012-09-25,15.655
2012-09-26,15.605
2012-09-27,15.945
2012-09-28,15.82
2012-10-01,15.815
2012-10-02,15.89
2012-10-03,15.835
2012-10-04,15.92
2012-10-05,15.98
2012-10-08,15.77
2012-10-09,15.52
2012-10-10,15.3
2012-10-11,15.3
2012-10-12,15.25
2012-10-15,15.42
2012-10-16,15.75
2012-10-17,15.645
2012-10-18,15.605
2012-10-19,15.245
2012-10-22,15.32
2012-10-23,15.415
2012-10-24,15.265
2012-10-25,15.42
2012-10-26,15.605
2012-10-31,15.545
2012-11-01,16.015
2012-11-02,15.69
2012-11-05,15.965
2012-11-06,16.16
2012-11-07,15.75
2012-11-08,15.63
2012-11-09,15.67
2012-11-12,15.695
2012-11-13,15.54
2012-11-14,15.325
2012-11-15,15.235
2012-11-16,15.255
2012-11-19,15.52
2012-11-20,15.375
2012-11-21,15.4
2012-11-23,15.72
2012-11-26,15.75
2012-11-27,15.795
2012-11-28,16.01
2012-11-29,15.985
2012-11-30,16.02
2012-12-03,15.945
2012-12-04,16.005
2012-12-05,15.98
2012-12-06,16.16
2012-12-07,16.21
2012-12-10,16.24
2012-12-11,16.54
2012-12-12,16.505
2012-12-13,16.335
2012-12-14,16.27
2012-12-17,16.34
2012-12-18,16.56
2012-12-19,16.655
2012-12-20,16.645
2012-12-21,16.475
2012-12-24,16.07
2012-12-26,15.99
2012-12-27,15.97
2012-12-28,15.86
2012-12-31,16.165
2013-01-02,16.805
2013-01-03,16.72
2013-01-04,16.62
2013-01-07,16.575
2013-01-08,16.41
2013-01-09,16.215
2013-01-10,16.865
2013-01-11,16.945
2013-01-14,16.87
2013-01-15,16.695
2013-01-16,16.88
2013-01-17,17.29
2013-01-18,17.085
2013-01-22,17.05
2013-01-23,17.115
2013-01-24,16.985
2013-01-25,17.13
2013-01-28,17.165
2013-01-29,17.195
2013-01-30,17.225
2013-01-31,17.15
2013-02-01,17.49
2013-02-04,17.275
2013-02-05,17.54
2013-02-06,17.5
2013-02-07,17.405
2013-02-08,17.635
2013-02-11,17.665
2013-02-12,17.735
2013-02-13,17.735
2013-02-14,17.89
2013-02-15,17.74
2013-02-19,17.985
2013-02-20,17.605
2013-02-21,17.275
2013-02-22,17.55
2013-02-25,17.19
2013-02-26,17.31
2013-02-27,17.58
2013-02-28,17.56
2013-03-01,17.56
2013-03-04,17.535
2013-03-05,17.815
2013-03-06,17.82
2013-03-07,17.815
2013-03-08,17.75
2013-03-11,17.805
2013-03-12,17.815
2013-03-13,17.865
2013-03-14,18.005
2013-03-15,17.695
2013-03-18,17.48
2013-03-19,17.445
2013-03-20,17.56
2013-03-21,17.315
2013-03-22,17.45
2013-03-25,17.425
2013-03-26,17.625
2013-03-27,17.66
2013-03-28,17.765
2013-04-01,17.485
2013-04-02,17.345
2013-04-03,17.02
2013-04-04,17.13
2013-04-05,17.115
2013-04-08,17.21
2013-04-09,17.375
2013-04-10,17.75
2013-04-11,17.74
2013-04-12,17.675
2013-04-15,17.29
2013-04-16,17.585
2013-04-17,17.215
2013-04-18,17.255
2013-04-19,17.455
2013-04-22,17.595
2013-04-23,17.975
2013-04-24,18.16
2013-04-25,18.305
2013-04-26,18.135
2013-04-29,18.345
2013-04-30,18.525
2013-05-01,18.45
2013-05-02,18.685
2013-05-03,18.83
2013-05-06,18.92
2013-05-07,18.96
2013-05-08,19.19
2013-05-09,19.25
2013-05-10,19.38
2013-05-13,19.145
2013-05-14,19.175
2013-05-15,19.34
2013-05-16,19.17
2013-05-17,19.385
2013-05-20,19.325
2013-05-21,19.28
2013-05-22,19.005
2013-05-23,18.965
2013-05-24,18.96
2013-05-28,19.13
2013-05-29,19.2
2013-05-30,19.385
2013-05-31,19.145
2013-06-03,19.295
2013-06-04,19.385
2013-06-05,19.03
2013-06-06,18.975
2013-06-07,19.155
2013-06-10,19.26
2013-06-11,18.905
2013-06-12,18.68
2013-06-13,19.01
2013-06-14,18.94
2013-06-17,19.1
2013-06-18,19.375
2013-06-19,19.105
2013-06-20,18.52
2013-06-21,18.5
2013-06-24,18.16
2013-06-25,18.54
2013-06-26,18.65
2013-06-27,18.75
2013-06-28,18.845
2013-07-01,18.795
2013-07-02,18.79
2013-07-03,18.91
2013-07-05,19.165
2013-07-08,18.755
2013-07-09,18.905
2013-07-10,19.05
2013-07-11,19.555
2013-07-12,19.625
2013-07-15,19.63
2013-07-16,19.75
2013-07-17,19.78
2013-07-18,19.365
2013-07-19,19.29
2013-07-22,19.255
2013-07-23,19.27
2013-07-24,19.035
2013-07-25,19.17
2013-07-26,19.06
2013-07-29,19.0
2013-07-30,19.19
2013-07-31,19.28
2013-08-01,19.52
2013-08-02,19.415
2013-08-05,19.405
2013-08-06,19.28
2013-08-07,19.105
2013-08-08,19.11
2013-08-09,19.06
2013-08-12,19.095
2013-08-13,19.3
2013-08-14,19.11
2013-08-15,18.69
2013-08-16,18.71
2013-08-19,18.685
2013-08-20,18.775
2013-08-21,18.62
2013-08-22,18.735
2013-08-23,18.795
2013-08-26,18.76
2013-08-27,18.385
2013-08-28,18.525
2013-08-29,18.68
2013-08-30,18.57
2013-09-03,18.75
2013-09-04,19.125
2013-09-05,19.27
2013-09-06,19.195
2013-09-09,19.44
2013-09-10,19.79
2013-09-11,19.73
2013-09-12,19.685
2013-09-13,19.805
2013-09-16,19.905
2013-09-17,20.065
2013-09-18,20.245
2013-09-19,20.24
2013-09-20,20.105
2013-09-23,20.06
2013-09-24,20.185
2013-09-25,20.145
2013-09-26,20.14
2013-09-27,19.96
2013-09-30,19.94
2013-10-01,20.135
2013-10-02,20.12
2013-10-03,20.07
2013-10-04,20.185
2013-10-07,20.11
2013-10-08,19.795
2013-10-09,19.73
2013-10-10,20.18
2013-10-11,20.245
2013-10-14,20.375
2013-10-15,20.25
2013-10-16,20.425
2013-10-17,20.53
2013-10-18,20.615
2013-10-21,20.69
2013-10-22,20.665
2013-10-23,20.03
2013-10-24,20.125
2013-10-25,20.21
2013-10-28,20.305
2013-10-29,20.615
2013-10-30,20.495
2013-10-31,20.585
2013-11-01,20.47
2013-11-04,20.425
2013-11-05,20.38
2013-11-06,20.48
2013-11-07,20.16
2013-11-08,20.3
2013-11-11,20.26
2013-11-12,20.365
2013-11-13,20.505
2013-11-14,20.38
2013-11-15,20.52
2013-11-18,20.395
2013-11-19,20.225
2013-11-20,20.16
2013-11-21,20.47
2013-11-22,20.375
2013-11-25,20.38
2013-11-26,20.47
2013-11-27,20.575
2013-11-29,20.59
2013-12-02,20.51
2013-12-03,20.585
2013-12-04,20.515
2013-12-05,20.58
2013-12-06,20.82
2013-12-09,20.915
2013-12-10,20.835
2013-12-11,20.695
2013-12-12,20.47
2013-12-13,20.435
2013-12-16,20.55
2013-12-17,20.72
2013-12-18,20.925
2013-12-19,20.87
2013-12-20,21.025
2013-12-23,20.875
2013-12-24,20.93
2013-12-26,21.015
2013-12-27,21.015
2013-12-30,21.12
2013-12-31,21.215
2014-01-02,20.995
2014-01-03,20.93
2014-01-06,20.795
2014-01-07,20.865
2014-01-08,21.09
2014-01-09,20.905
2014-01-10,20.99
2014-01-13,20.78
2014-01-14,21.335
2014-01-15,21.475
2014-01-16,21.405
2014-01-17,21.145
2014-01-21,21.24
2014-01-22,21.48
2014-01-23,21.205
2014-01-24,20.805
2014-01-27,20.62
2014-01-28,20.715
2014-01-29,20.585
2014-01-30,20.755
2014-01-31,20.585
2014-02-03,20.23
2014-02-04,20.155
2014-02-05,20.15
2014-02-06,20.45
2014-02-07,20.725
2014-02-10,20.84
2014-02-11,21.095
2014-02-12,21.21
2014-02-13,21.435
2014-02-14,21.595
2014-02-18,21.64
2014-02-19,21.59
2014-02-20,21.735
2014-02-21,21.615
2014-02-24,21.745
2014-02-25,21.625
2014-02-26,21.8
2014-02-27,21.81
2014-02-28,21.825
2014-03-03,21.685
2014-03-04,21.97
2014-03-05,21.995
2014-03-06,22.23
2014-03-07,22.23
2014-03-10,22.23
2014-03-11,22.07
2014-03-12,22.315
2014-03-13,22.01
2014-03-14,21.83
2014-03-17,22.07
2014-03-18,22.33
2014-03-19,22.305
2014-03-20,22.68
2014-03-21,22.445
2014-03-24,22.37
2014-03-25,22.61
2014-03-26,22.38
2014-03-27,22.255
2014-03-28,22.42
2014-03-31,22.805
2014-04-01,23.145
2014-04-02,23.03
2014-04-03,23.09
2014-04-04,22.52
2014-04-07,22.395
2014-04-08,22.715
2014-04-09,22.985
2014-04-10,22.295
2014-04-11,21.975
2014-04-14,22.17
2014-04-15,22.325
2014-04-16,22.275
2014-04-17,22.55
2014-04-21,22.675
2014-04-22,22.835
2014-04-23,22.76
2014-04-24,22.93
2014-04-25,22.205
2014-04-28,22.145
2014-04-29,22.24
2014-04-30,22.335
2014-05-01,22.17
2014-05-02,22.205
2014-05-05,22.21
2014-05-06,22.175
2014-05-07,22.26
2014-05-08,22.405
2014-05-09,22.305
2014-05-12,22.675
2014-05-13,22.51
2014-05-14,22.325
2014-05-15,22.105
2014-05-16,22.28
2014-05-19,22.475
2014-05-20,22.365
2014-05-21,22.495
2014-05-22,22.575
2014-05-23,22.75
2014-05-27,23.075
2014-05-28,23.11
2014-05-29,23.115
2014-05-30,23.17
2014-06-02,23.3
2014-06-03,23.59
2014-06-04,23.665
2014-06-05,23.76
2014-06-06,23.885
2014-06-09,23.935
2014-06-10,24.055
2014-06-11,24.095
2014-06-12,24.04
2014-06-13,24.43
2014-06-16,24.53
2014-06-17,24.635
2014-06-18,24.59
2014-06-19,24.68
2014-06-20,24.68
2014-06-23,24.6
2014-06-24,24.44
2014-06-25,24.605
2014-06-26,24.485
2014-06-27,24.565
2014-06-30,24.745
2014-07-01,25.145
2014-07-02,25.22
2014-07-03,25.465
2014-07-07,25.275
2014-07-08,25.15
2014-07-09,25.23
2014-07-10,25.245
2014-07-11,25.19
2014-07-14,25.34
2014-07-15,25.28
2014-07-16,25.56
2014-07-17,24.93
2014-07-18,25.225
2014-07-21,25.325
2014-07-22,25.565
2014-07-23,25.035
2014-07-24,25.01
2014-07-25,24.54
2014-07-28,24.53
2014-07-29,24.52
2014-07-30,24.85
2014-07-31,24.38
2014-08-01,24.465
2014-08-04,24.57
2014-08-05,24.165
2014-08-06,24.3
2014-08-07,24.03
2014-08-08,24.215
2014-08-11,24.465
2014-08-12,24.445
2014-08-13,24.745
2014-08-14,24.83
2014-08-15,25.035
2014-08-18,25.145
2014-08-19,25.305
2014-08-20,25.445
2014-08-21,25.555
2014-08-22,25.59
2014-08-25,25.495
2014-08-26,25.5
2014-08-27,25.55
2014-08-28,25.64
2014-08-29,25.84
2014-09-02,25.835
2014-09-03,25.91
2014-09-04,25.965
2014-09-05,26.09
2014-09-08,26.11
2014-09-09,25.915
2014-09-10,25.91
2014-09-11,25.95
2014-09-12,25.6
2014-09-15,25.38
2014-09-16,25.755
2014-09-17,25.925
2014-09-18,26.275
2014-09-19,25.965
2014-09-22,25.675
2014-09-23,25.56
2014-09-24,25.86
2014-09-25,25.415
2014-09-26,25.65
2014-09-29,25.69
2014-09-30,25.545
2014-10-01,24.985
2014-10-02,24.865
2014-10-03,25.065
2014-10-06,24.95
2014-10-07,24.465
2014-10-08,24.985
2014-10-09,24.4
2014-10-10,22.785
2014-10-13,22.46
2014-10-14,22.94
2014-10-15,22.935
2014-10-16,23.21
2014-10-17,23.455
2014-10-20,23.68
2014-10-21,24.41
2014-10-22,24.12
2014-10-23,24.43
2014-10-24,24.635
2014-10-27,25.05
2014-10-28,25.115
2014-10-29,25.13
2014-10-30,24.725
2014-10-31,25.71
2014-11-03,25.855
2014-11-04,25.845
2014-11-05,26.02
2014-11-06,25.99
2014-11-07,25.79
2014-11-10,25.985
2014-11-11,25.91
2014-11-12,25.855
2014-11-13,25.925
2014-11-14,26.15
2014-11-17,26.02
2014-11-18,26.355
2014-11-19,26.31
2014-11-20,26.705
2014-11-21,26.86
2014-11-24,27.065
2014-11-25,27.045
2014-11-26,27.59
2014-11-28,27.775
2014-12-01,27.455
2014-12-02,27.52
2014-12-03,27.99
2014-12-04,28.03
2014-12-05,28.265
2014-12-08,27.88
2014-12-09,27.83
2014-12-10,27.4
2014-12-11,27.515
2014-12-12,27.105
2014-12-15,26.87
2014-12-16,26.645
2014-12-17,27.175
2014-12-18,27.65
2014-12-19,27.55
2014-12-22,27.685
2014-12-23,27.625
2014-12-24,27.695
2014-12-26,27.67
2014-12-29,27.595
2014-12-30,27.42
2014-12-31,27.31
2015-01-02,27.245
2015-01-05,26.76
2015-01-06,26.13
2015-01-07,26.47
2015-01-08,27.13
2015-01-09,27.05
2015-01-12,26.705
2015-01-13,26.555
2015-01-14,26.455
2015-01-15,26.6
2015-01-16,26.815
2015-01-20,27.08
2015-01-21,27.43
2015-01-22,27.675
2015-01-23,27.555
2015-01-26,27.56
2015-01-27,27.01
2015-01-28,26.78
2015-01-29,26.93
2015-01-30,26.365
2015-02-02,26.415
2015-02-03,26.79
2015-02-04,26.98
2015-02-05,27.25
2015-02-06,26.96
2015-02-09,26.605
2015-02-10,27.48
2015-02-11,27.64
2015-02-12,28.03
2015-02-13,28.195
2015-02-17,28.315
2015-02-18,28.22
2015-02-19,28.235
2015-02-20,28.365
2015-02-23,28.16
2015-02-24,28.74
2015-02-25,28.545
2015-02-26,28.65
2015-02-27,28.485
2015-03-02,29.235
2015-03-03,28.755
2015-03-04,28.71
2015-03-05,28.7
2015-03-06,28.34
2015-03-09,28.24
2015-03-10,27.665
2015-03-11,27.87
2015-03-12,27.715
2015-03-13,27.945
2015-03-16,28.315
2015-03-17,28.125
2015-03-18,28.385
2015-03-19,28.42
2015-03-20,28.87
2015-03-23,28.615
2015-03-24,28.355
2015-03-25,27.03
2015-03-26,26.835
2015-03-27,27.695
2015-03-30,27.93
2015-03-31,27.65
2015-04-01,27.38
2015-04-02,27.455
2015-04-06,27.525
2015-04-07,27.54
2015-04-08,27.675
2015-04-09,27.95
2015-04-10,28.115
2015-04-13,27.92
2015-04-14,27.665
2015-04-15,28.18
2015-04-16,28.055
2015-04-17,27.695
2015-04-20,27.925
2015-04-21,28.105
2015-04-22,28.615
2015-04-23,28.32
2015-04-24,28.02
2015-04-27,28.245
2015-04-28,28.225
2015-04-29,28.02
2015-04-30,27.73
2015-05-01,28.52
2015-05-04,28.365
2015-05-05,27.825
2015-05-06,27.82
2015-05-07,28.02
2015-05-08,28.285
2015-05-11,28.275
2015-05-12,28.06
2015-05-13,28.2
2015-05-14,28.49
2015-05-15,28.53
2015-05-18,28.78
2015-05-19,28.73
2015-05-20,28.815
2015-05-21,28.87
2015-05-22,28.895
2015-05-26,28.665
2015-05-27,29.735
2015-05-28,29.775
2015-05-29,29.905
2015-06-01,29.8
2015-06-02,29.375
2015-06-03,29.17
2015-06-04,28.825
2015-06-05,28.74
2015-06-08,28.225
2015-06-09,28.255
2015-06-10,28.685
2015-06-11,28.72
2015-06-12,28.475
2015-06-15,28.395
2015-06-16,28.52
2015-06-17,28.545
2015-06-18,28.95
2015-06-19,28.845
2015-06-22,29.095
2015-06-23,28.955
2015-06-24,28.73
2015-06-25,28.795
2015-06-26,27.955
2015-06-29,27.155
2015-06-30,27.285
2015-07-01,27.39
2015-07-02,27.56
2015-07-06,27.115
2015-07-07,26.98
2015-07-08,26.275
2015-07-09,25.98
2015-07-10,26.45
2015-07-13,26.68
2015-07-14,26.895
2015-07-15,26.76
2015-07-16,26.745
2015-07-17,26.73
2015-07-20,26.515
2015-07-21,26.495
2015-07-22,25.85
2015-07-23,26.21
2015-07-24,25.605
2015-07-27,25.505
2015-07-28,26.035
2015-07-29,26.14
2015-07-30,26.38
2015-07-31,26.075
2015-08-03,25.95
2015-08-04,25.675
2015-08-05,25.985
2015-08-06,25.685
2015-08-07,25.75
2015-08-10,26.4
2015-08-11,25.8
2015-08-12,25.865
2015-08-13,25.51
2015-08-14,25.325
2015-08-17,25.52
2015-08-18,25.07
2015-08-19,24.815
2015-08-20,24.005
2015-08-21,23.395
2015-08-24,23.025
2015-08-25,22.83
2015-08-26,23.875
2015-08-27,24.67
2015-08-28,24.88
2015-08-31,24.775
2015-09-01,24.005
2015-09-02,24.6
2015-09-03,24.845
2015-09-04,24.455
2015-09-08,25.385
2015-09-09,25.0
2015-09-10,25.08
2015-09-11,25.125
2015-09-14,25.185
2015-09-15,25.555
2015-09-16,25.67
2015-09-17,25.505
2015-09-18,25.075
2015-09-21,25.06
2015-09-22,24.54
2015-09-23,24.365
2015-09-24,24.355
2015-09-25,24.485
2015-09-28,23.965
2015-09-29,24.13
2015-09-30,24.94
2015-10-01,24.775
2015-10-02,25.165
2015-10-05,25.61
2015-10-06,25.715
2015-10-07,26.1
2015-10-08,26.435
2015-10-09,26.13
2015-10-12,26.17
2015-10-13,25.85
2015-10-14,26.625
2015-10-15,26.805
2015-10-16,26.915
2015-10-19,26.935
2015-10-20,26.88
2015-10-21,26.93
2015-10-22,27.75
2015-10-23,28.065
2015-10-26,27.53
2015-10-27,27.36
2015-10-28,27.635
2015-10-29,26.92
2015-10-30,27.105
2015-11-02,27.36
2015-11-03,27.595
2015-11-04,27.775
2015-11-05,27.055
2015-11-06,27.595
2015-11-09,27.375
2015-11-10,26.94
2015-11-11,26.95
2015-11-12,26.605
2015-11-13,26.33
2015-11-16,26.67
2015-11-17,26.94
2015-11-18,27.08
2015-11-19,27.29
2015-11-20,27.395
2015-11-23,27.085
2015-11-24,27.37
2015-11-25,27.41
2015-11-27,27.545
2015-11-30,27.9
2015-12-01,28.23
2015-12-02,28.12
2015-12-03,27.93
2015-12-04,28.4
2015-12-07,28.165
2015-12-08,27.91
2015-12-09,27.615
2015-12-10,27.715
2015-12-11,27.18
2015-12-14,26.975
2015-12-15,27.4
2015-12-16,27.615
2015-12-17,27.245
2015-12-18,26.87
2015-12-21,26.76
2015-12-22,26.875
2015-12-23,27.02
2015-12-24,27.095
2015-12-28,27.03
2015-12-29,27.33
2015-12-30,27.065
2015-12-31,26.64
2016-01-04,26.36
2016-01-05,26.115
2016-01-06,25.44
2016-01-07,24.655
2016-01-08,24.265
2016-01-11,24.485
2016-01-12,24.695
2016-01-13,23.97
2016-01-14,24.605
2016-01-15,23.35
2016-01-19,23.505
2016-01-20,23.565
2016-01-21,23.89
2016-01-22,24.345
2016-01-25,24.07
2016-01-26,24.275
2016-01-27,24.005
2016-01-28,23.88
2016-01-29,24.86
2016-02-01,24.97
2016-02-02,24.285
2016-02-03,24.32
2016-02-04,24.79
2016-02-05,23.925
2016-02-08,23.415
2016-02-09,23.315
2016-02-10,22.98
2016-02-11,22.815
2016-02-12,23.265
2016-02-16,24.055
2016-02-17,24.63
2016-02-18,24.53
2016-02-19,24.575
2016-02-22,24.975
2016-02-23,24.555
2016-02-24,24.87
2016-02-25,25.16
2016-02-26,25.3
2016-02-29,25.215
2016-03-01,25.99
2016-03-02,26.125
2016-03-03,26.185
2016-03-04,26.355
2016-03-07,26.455
2016-03-08,25.955
2016-03-09,26.14
2016-03-10,26.28
2016-03-11,26.81
2016-03-14,26.69
2016-03-15,26.6
2016-03-16,26.91
2016-03-17,27.095
2016-03-18,27.44
2016-03-21,27.44
2016-03-22,27.425
2016-03-23,27.1
2016-03-24,27.055
2016-03-28,27.045
2016-03-29,27.42
2016-03-30,27.695
2016-03-31,27.54
2016-04-01,27.67
2016-04-04,27.455
2016-04-05,27.25
2016-04-06,27.505
2016-04-07,27.14
2016-04-08,27.27
2016-04-11,27.3
2016-04-12,27.255
2016-04-13,27.81
2016-04-14,27.51
2016-04-15,27.305
2016-04-18,27.34
2016-04-19,27.11
2016-04-20,27.24
2016-04-21,27.09
2016-04-22,27.105
2016-04-25,26.97
2016-04-26,27.26
2016-04-27,27.58
2016-04-28,26.895
2016-04-29,26.23
2016-05-02,26.405
2016-05-03,26.13
2016-05-04,25.85
2016-05-05,25.945
2016-05-06,25.95
2016-05-09,25.925
2016-05-10,26.215
2016-05-11,26.095
2016-05-12,25.63
2016-05-13,25.705
2016-05-16,26.22
2016-05-17,25.975
2016-05-18,26.435
2016-05-19,26.205
2016-05-20,27.075
2016-05-23,27.25
2016-05-24,27.91
2016-05-25,28.065
2016-05-26,28.16
2016-05-27,28.345
2016-05-31,28.45
2016-06-01,28.565
2016-06-02,28.56
2016-06-03,28.615
2016-06-06,28.545
2016-06-07,28.845
2016-06-08,28.85
2016-06-09,28.85
2016-06-10,28.35
2016-06-13,28.23
2016-06-14,28.195
2016-06-15,28.165
2016-06-16,28.18
2016-06-17,27.99
2016-06-20,28.46
2016-06-21,28.595
2016-06-22,28.56
2016-06-23,29.275
2016-06-24,27.565
2016-06-27,26.715
2016-06-28,27.445
2016-06-29,28.005
2016-06-30,28.505
2016-07-01,28.295
2016-07-05,27.845
2016-07-06,27.885
2016-07-07,28.2
2016-07-08,28.97
2016-07-11,29.36
2016-07-12,29.68
2016-07-13,29.685
2016-07-14,29.935
2016-07-15,29.85
2016-07-18,30.72
2016-07-19,30.6
2016-07-20,31.07
2016-07-21,30.805
2016-07-22,30.99
2016-07-25,31.135
2016-07-26,32.035
2016-07-27,31.92
2016-07-28,31.88
2016-07-29,31.75
2016-08-01,31.84
2016-08-02,31.42
2016-08-03,31.5
2016-08-04,31.725
2016-08-05,32.095
2016-08-08,32.095
2016-08-09,32.31
2016-08-10,32.095
2016-08-11,32.225
2016-08-12,32.36
2016-08-15,32.725
2016-08-16,32.535
2016-08-17,32.465
2016-08-18,32.715
2016-08-19,32.885
2016-08-22,32.895
2016-08-23,33.055
2016-08-24,32.795
2016-08-25,32.905
2016-08-26,33.045
2016-08-29,33.16
2016-08-30,33.105
2016-08-31,33.105
2016-09-01,33.41
2016-09-02,33.38
2016-09-06,33.375
2016-09-07,33.155
2016-09-08,33.09
2016-09-09,31.89
2016-09-12,32.545
2016-09-13,32.19
2016-09-14,32.46
2016-09-15,33.265
2016-09-16,33.28
2016-09-19,33.395
2016-09-20,33.27
2016-09-21,33.73
2016-09-22,33.89
2016-09-23,33.495
2016-09-26,33.185
2016-09-27,33.73
2016-09-28,33.775
2016-09-29,34.19
2016-09-30,34.735
2016-10-03,34.465
2016-10-04,34.32
2016-10-05,34.585
2016-10-06,34.785
2016-10-07,34.81
2016-10-10,34.7
2016-10-11,33.985
2016-10-12,33.985
2016-10-13,33.595
2016-10-14,33.81
2016-10-17,33.67
2016-10-18,34.05
2016-10-19,33.7
2016-10-20,33.995
2016-10-21,33.95
2016-10-24,34.385
2016-10-25,34.29
2016-10-26,34.19
2016-10-27,34.09
2016-10-28,33.895
2016-10-31,34.135
2016-11-01,33.82
2016-11-02,33.61
2016-11-03,33.47
2016-11-04,33.295
2016-11-07,34.295
2016-11-08,34.355
2016-11-09,34.08
2016-11-10,33.445
2016-11-11,34.28
2016-11-14,33.91
2016-11-15,34.475
2016-11-16,34.745
2016-11-17,34.965
2016-11-18,35.165
2016-11-21,35.395
2016-11-22,35.805
2016-11-23,35.75
2016-11-25,35.855
2016-11-28,35.765
2016-11-29,35.63
2016-11-30,35.53
2016-12-01,33.84
2016-12-02,34.385
2016-12-05,34.73
2016-12-06,35.11
2016-12-07,35.81
2016-12-08,36.025
2016-12-09,35.84
2016-12-12,35.69
2016-12-13,36.325
2016-12-14,35.935
2016-12-15,36.51
2016-12-16,36.04
2016-12-19,36.195
2016-12-20,36.25
2016-12-21,36.215
2016-12-22,36.4
2016-12-23,36.57
2016-12-27,36.88
2016-12-28,36.27
2016-12-29,36.28
2016-12-30,35.82
2017-01-03,35.88
2017-01-04,35.995
2017-01-05,35.785
2017-01-06,35.97
2017-01-09,36.385
2017-01-10,36.525
2017-01-11,36.68
2017-01-12,36.07
2017-01-13,36.605
2017-01-17,36.175
2017-01-18,36.815
2017-01-19,36.535
2017-01-20,36.885
2017-01-23,36.56
2017-01-24,37.275
2017-01-25,37.735
2017-01-26,37.445
2017-01-27,37.925
2017-01-30,37.745
2017-01-31,37.22
2017-02-01,37.6
2017-02-02,37.64
2017-02-03,37.805
2017-02-06,37.76
2017-02-07,37.92
2017-02-08,37.96
2017-02-09,37.63
2017-02-10,37.67
2017-02-13,38.165
2017-02-14,37.87
2017-02-15,38.26
2017-02-16,38.405
2017-02-17,38.545
2017-02-21,38.91
2017-02-22,38.74
2017-02-23,38.31
2017-02-24,38.365
2017-02-27,38.55
2017-02-28,38.195
2017-03-01,38.64
2017-03-02,38.3
2017-03-03,38.435
2017-03-06,38.45
2017-03-07,38.545
2017-03-08,38.585
2017-03-09,38.6
2017-03-10,38.965
2017-03-13,39.155
2017-03-14,39.015
2017-03-15,39.37
2017-03-16,39.4
2017-03-17,39.505
2017-03-20,39.755
2017-03-21,38.995
2017-03-22,39.375
2017-03-23,39.255
2017-03-24,39.565
2017-03-27,39.745
2017-03-28,39.82
2017-03-29,39.66
2017-03-30,39.86
2017-03-31,39.855
2017-04-03,39.76
2017-04-04,39.62
2017-04-05,39.385
2017-04-06,39.405
2017-04-07,39.56
2017-04-10,39.21
2017-04-11,38.915
2017-04-12,38.41
2017-04-13,38.125
2017-04-17,38.54
2017-04-18,38.695
2017-04-19,38.905
2017-04-20,39.465
2017-04-21,39.305
2017-04-24,39.875
2017-04-25,40.275
2017-04-26,39.97
2017-04-27,40.505
2017-04-28,39.85
2017-05-01,40.265
2017-05-02,40.05
2017-05-03,40.28
2017-05-04,40.24
2017-05-05,40.4
2017-05-08,40.3
2017-05-09,40.705
2017-05-10,41.22
2017-05-11,41.31
2017-05-12,41.425
2017-05-15,41.885
2017-05-16,42.385
2017-05-17,40.79
2017-05-18,41.395
2017-05-19,41.875
2017-05-22,42.275
2017-05-23,42.185
2017-05-24,42.37
2017-05-25,42.66
2017-05-26,42.74
2017-05-30,43.045
2017-05-31,42.995
2017-06-01,43.075
2017-06-02,43.41
2017-06-05,43.525
2017-06-06,43.625
2017-06-07,43.95
2017-06-08,44.53
2017-06-09,42.845
2017-06-12,42.585
2017-06-13,42.86
2017-06-14,42.49
2017-06-15,42.1
2017-06-16,42.075
2017-06-19,42.82
2017-06-20,42.285
2017-06-21,42.77
2017-06-22,42.66
2017-06-23,42.835
2017-06-26,42.67
2017-06-27,41.45
2017-06-28,42.05
2017-06-29,41.105
2017-06-30,40.93
2017-07-03,40.46
2017-07-05,41.23
2017-07-06,41.055
2017-07-07,41.605
2017-07-10,42.035
2017-07-11,42.37
2017-07-12,42.98
2017-07-13,42.88
2017-07-14,43.41
2017-07-17,43.29
2017-07-18,43.455
2017-07-19,43.885
2017-07-20,43.98
2017-07-21,43.735
2017-07-24,43.595
2017-07-25,43.475
2017-07-26,43.935
2017-07-27,43.38
2017-07-28,43.175
2017-07-31,42.92
2017-08-01,43.105
2017-08-02,42.87
2017-08-03,42.72
2017-08-04,42.845
2017-08-07,43.6
2017-08-08,43.47
2017-08-09,43.385
2017-08-10,42.195
2017-08-11,42.585
2017-08-14,43.425
2017-08-15,43.585
2017-08-16,43.675
2017-08-17,42.64
2017-08-18,42.735
2017-08-21,42.575
2017-08-22,43.145
2017-08-23,43.235
2017-08-24,43.23
2017-08-25,43.095
2017-08-28,43.22
2017-08-29,43.34
2017-08-30,43.945
2017-08-31,44.29
2017-09-01,44.5
2017-09-05,43.935
2017-09-06,44.09
2017-09-07,44.26
2017-09-08,43.78
2017-09-11,44.575
2017-09-12,44.745
2017-09-13,44.755
2017-09-14,44.95
2017-09-15,45.545
2017-09-18,46.18
2017-09-19,46.3
2017-09-20,45.685
2017-09-21,45.6
2017-09-22,45.785
2017-09-25,44.865
2017-09-26,44.92
2017-09-27,45.935
2017-09-28,46.23
2017-09-29,46.66
2017-10-02,46.97
2017-10-03,47.125
2017-10-04,47.195
2017-10-05,47.245
2017-10-06,47.435
2017-10-09,47.78
2017-10-10,48.025
2017-10-11,48.365
2017-10-12,48.265
2017-10-13,48.595
2017-10-16,48.855
2017-10-17,48.845
2017-10-18,49.025
2017-10-19,48.925
2017-10-20,49.19
2017-10-23,49.375
2017-10-24,49.675
2017-10-25,49.045
2017-10-26,49.31
2017-10-27,50.3
2017-10-30,50.32
2017-10-31,50.805
2017-11-01,50.67
2017-11-02,50.91
2017-11-03,51.47
2017-11-06,52.135
2017-11-07,52.03
2017-11-08,52.15
2017-11-09,51.135
2017-11-10,51.43
2017-11-13,51.645
2017-11-14,51.645
2017-11-15,51.165
2017-11-16,52.435
2017-11-17,51.625
2017-11-20,52.25
2017-11-21,52.785
2017-11-22,52.44
2017-11-24,52.885
2017-11-27,52.065
2017-11-28,52.02
2017-11-29,49.815
2017-11-30,50.125
2017-12-01,49.69
2017-12-04,48.635
2017-12-05,48.635
2017-12-06,48.745
2017-12-07,49.225
2017-12-08,49.0
2017-12-11,49.3
2017-12-12,48.815
2017-12-13,48.845
2017-12-14,48.825
2017-12-15,49.625
2017-12-18,49.79
2017-12-19,49.765
2017-12-20,50.09
2017-12-21,49.56
2017-12-22,49.58
2017-12-26,49.02
2017-12-27,49.18
2017-12-28,49.36
2017-12-29,48.905
2018-01-02,50.185
2018-01-03,50.895
2018-01-04,51.155
2018-01-05,51.485
2018-01-08,51.84
2018-01-09,51.355
2018-01-10,50.675
2018-01-11,50.915
2018-01-12,51.175
2018-01-16,51.41
2018-01-17,52.945
2018-01-18,53.335
2018-01-19,53.385
2018-01-22,53.91
2018-01-23,54.26
2018-01-24,53.16
2018-01-25,52.3
2018-01-26,53.965
2018-01-29,53.865
2018-01-30,52.81
2018-01-31,53.255
2018-02-01,52.93
2018-02-02,51.455
2018-02-05,49.135
2018-02-06,50.945
2018-02-07,49.6
2018-02-08,47.625
2018-02-09,48.87
2018-02-12,49.905
2018-02-13,49.805
2018-02-14,50.865
2018-02-15,51.505
2018-02-16,51.395
2018-02-20,52.415
2018-02-21,51.845
2018-02-22,51.67
2018-02-23,52.83
2018-02-26,53.895
2018-02-27,53.695
2018-02-28,53.27
2018-03-01,52.42
2018-03-02,53.24
2018-03-05,53.855
2018-03-06,54.645
2018-03-07,54.88
2018-03-08,54.905
2018-03-09,55.965
2018-03-12,56.535
2018-03-13,55.745
2018-03-14,55.775
2018-03-15,55.725
2018-03-16,55.705
2018-03-19,54.8
2018-03-20,55.17
2018-03-21,55.285
2018-03-22,53.795
2018-03-23,52.05
2018-03-26,54.12
2018-03-27,52.255
2018-03-28,51.095
2018-03-29,52.14
2018-04-02,50.23
2018-04-03,51.155
2018-04-04,51.78
2018-04-05,51.21
2018-04-06,49.73
2018-04-09,50.07
2018-04-10,51.6
2018-04-11,51.575
2018-04-12,52.43
2018-04-13,51.94
2018-04-16,52.045
2018-04-17,52.995
2018-04-18,52.395
2018-04-19,50.06
2018-04-20,49.485
2018-04-23,48.845
2018-04-24,48.595
2018-04-25,48.35
2018-04-26,49.365
2018-04-27,49.045
2018-04-30,48.58
2018-05-01,49.36
2018-05-02,49.005
2018-05-03,49.125
2018-05-04,50.4
2018-05-07,50.67
2018-05-08,51.025
2018-05-09,51.75
2018-05-10,52.61
2018-05-11,52.205
2018-05-14,53.115
2018-05-15,52.52
2018-05-16,53.265
2018-05-17,52.915
2018-05-18,52.275
2018-05-21,53.025
2018-05-22,53.405
2018-05-23,53.465
2018-05-24,53.62
2018-05-25,54.155
2018-05-29,53.72
2018-05-30,54.045
2018-05-31,53.595
2018-06-01,54.765
2018-06-04,55.14
2018-06-05,55.45
2018-06-06,55.805
2018-06-07,55.36
2018-06-08,54.985
2018-06-11,54.925
2018-06-12,55.09
2018-06-13,54.975
2018-06-14,55.06
2018-06-15,55.15
2018-06-18,54.485
2018-06-19,53.835
2018-06-20,54.17
2018-06-21,53.495
2018-06-22,53.295
2018-06-25,51.37
2018-06-26,51.845
2018-06-27,50.575
2018-06-28,51.085
2018-06-29,51.335
2018-07-02,51.355
2018-07-03,50.455
2018-07-05,51.815
2018-07-06,52.475
2018-07-09,52.87
2018-07-10,53.44
2018-07-11,51.97
2018-07-12,52.6
2018-07-13,52.49
2018-07-16,52.33
2018-07-17,53.02
2018-07-18,53.56
2018-07-19,53.385
2018-07-20,53.33
2018-07-23,53.295
2018-07-24,52.63
2018-07-25,52.895
2018-07-26,53.675
2018-07-27,53.41
2018-07-30,53.045
2018-07-31,52.945
2018-08-01,53.175
2018-08-02,53.71
2018-08-03,53.795
2018-08-06,54.08
2018-08-07,54.445
2018-08-08,54.615
2018-08-09,54.085
2018-08-10,52.815
2018-08-13,52.875
2018-08-14,52.75
2018-08-15,51.875
2018-08-16,51.795
2018-08-17,51.415
2018-08-20,51.345
2018-08-21,52.405
2018-08-22,52.6
2018-08-23,52.665
2018-08-24,53.47
2018-08-27,54.305
2018-08-28,54.51
2018-08-29,54.82
2018-08-30,54.235
2018-08-31,54.47
2018-09-04,54.865
2018-09-05,54.565
2018-09-06,53.15
2018-09-07,52.915
2018-09-10,53.43
2018-09-11,52.76
2018-09-12,52.155
2018-09-13,52.795
2018-09-14,53.34
2018-09-17,52.62
2018-09-18,53.02
2018-09-19,53.14
2018-09-20,53.825
2018-09-21,53.555
2018-09-24,53.935
2018-09-25,53.075
2018-09-26,52.605
2018-09-27,52.935
2018-09-28,53.225
2018-10-01,53.365
2018-10-02,53.325
2018-10-03,53.53
2018-10-04,52.325
2018-10-05,51.135
2018-10-08,50.535
2018-10-09,50.44
2018-10-10,48.15
2018-10-11,47.725
2018-10-12,48.67
2018-10-15,48.14
2018-10-16,49.77
2018-10-17,49.525
2018-10-18,48.235
2018-10-19,47.54
2018-10-22,47.795
2018-10-23,47.605
2018-10-24,44.41
2018-10-25,45.665
2018-10-26,44.84
2018-10-29,44.325
2018-10-30,46.21
2018-10-31,46.73
2018-11-01,48.985
2018-11-02,48.205
2018-11-05,47.76
2018-11-06,48.255
2018-11-07,48.85
2018-11-08,48.625
2018-11-09,47.745
2018-11-12,45.655
2018-11-13,46.245
2018-11-14,46.485
2018-11-15,47.955
2018-11-16,47.14
2018-11-19,45.37
2018-11-20,45.33
2018-11-21,45.53
2018-11-23,45.465
2018-11-26,46.37
2018-11-27,46.44
2018-11-28,47.67
2018-11-29,47.22
2018-11-30,48.375
2018-12-03,49.225
2018-12-04,46.805
2018-12-06,46.53
2018-12-07,44.765
2018-12-10,45.285
2018-12-11,45.51
2018-12-12,46.2
2018-12-13,46.045
2018-12-14,45.33
2018-12-17,44.9
2018-12-18,45.44
2018-12-19,43.47
2018-12-20,42.31
2018-12-21,41.58
2018-12-24,40.48
2018-12-26,42.755
2018-12-27,43.13
2018-12-28,43.425
2018-12-31,43.64
2019-01-02,43.96
2019-01-03,41.32
2019-01-04,43.245
2019-01-07,44.08
2019-01-08,43.825
2019-01-09,44.945
2019-01-10,45.41
2019-01-11,45.785
2019-01-14,45.0
2019-01-15,45.12
2019-01-16,44.765
2019-01-17,45.32
2019-01-18,46.44
2019-01-22,45.095
2019-01-23,44.915
2019-01-24,47.56
2019-01-25,48.445
2019-01-28,47.54
2019-01-29,46.91
2019-01-30,48.33
2019-01-31,48.295
2019-02-01,48.91
2019-02-04,49.15
2019-02-05,49.425
2019-02-06,50.65
2019-02-07,49.56
2019-02-08,49.425
2019-02-11,49.64
2019-02-12,50.745
2019-02-13,50.865
2019-02-14,51.015
2019-02-15,51.275
2019-02-19,51.215
2019-02-20,51.68
2019-02-21,51.36
2019-02-22,52.09
2019-02-25,52.565
2019-02-26,52.225
2019-02-27,51.69
2019-02-28,51.665
2019-03-01,52.14
2019-03-04,52.165
2019-03-05,51.92
2019-03-06,51.045
2019-03-07,50.49
2019-03-08,50.475
2019-03-11,51.55
2019-03-12,51.805
2019-03-13,52.015
2019-03-14,51.725
2019-03-15,53.11
2019-03-18,52.965
2019-03-19,53.575
2019-03-20,53.115
2019-03-21,54.945
2019-03-22,53.375
2019-03-25,52.7
2019-03-26,53.19
2019-03-27,52.415
2019-03-28,52.315
2019-03-29,53.165
2019-04-01,54.475
2019-04-02,54.52
2019-04-03,55.79
2019-04-04,55.85
2019-04-05,56.27
2019-04-08,56.385
2019-04-09,55.77
2019-04-10,56.22
2019-04-11,56.165
2019-04-12,56.955
2019-04-15,56.545
2019-04-16,57.925
2019-04-17,58.78
2019-04-18,58.865
2019-04-22,58.82
2019-04-23,59.295
2019-04-24,59.8
2019-04-25,58.62
2019-04-26,57.905
2019-04-29,57.6
2019-04-30,58.125
2019-05-01,57.68
2019-05-02,58.225
2019-05-03,58.745
2019-05-06,57.805
2019-05-07,56.485
2019-05-08,56.08
2019-05-09,55.29
2019-05-10,55.23
2019-05-13,52.67
2019-05-14,54.02
2019-05-15,54.52
2019-05-16,53.75
2019-05-17,52.715
2019-05-20,50.62
2019-05-21,51.775
2019-05-22,50.865
2019-05-23,50.02
2019-05-24,49.715
2019-05-28,49.275
2019-05-29,49.44
2019-05-30,49.82
2019-05-31,49.115
2019-06-03,49.06
2019-06-04,51.07
2019-06-05,50.68
2019-06-06,51.38
2019-06-07,52.045
2019-06-10,53.345
2019-06-11,53.54
2019-06-12,52.38
2019-06-13,52.64
2019-06-14,51.33
2019-06-17,51.015
2019-06-18,53.09
2019-06-19,53.215
2019-06-20,53.83
2019-06-21,53.575
2019-06-24,53.675
2019-06-25,52.745
2019-06-26,54.305
2019-06-27,55.035
2019-06-28,55.09
2019-07-01,56.645
2019-07-02,55.98
2019-07-03,55.775
2019-07-05,55.365
2019-07-08,55.005
2019-07-09,55.39
2019-07-10,55.94
2019-07-11,56.095
2019-07-12,57.125
2019-07-15,57.585
2019-07-16,56.99
2019-07-17,57.195
2019-07-18,58.225
2019-07-19,58.23
2019-07-22,59.395
2019-07-23,60.055
2019-07-24,61.655
2019-07-25,60.54
2019-07-26,60.415
2019-07-29,60.62
2019-07-30,60.35
2019-07-31,58.545
2019-08-01,57.365
2019-08-02,56.585
2019-08-05,54.145
2019-08-06,55.005
2019-08-07,55.305
2019-08-08,56.72
2019-08-09,55.74
2019-08-12,55.08
2019-08-13,56.66
2019-08-14,54.835
2019-08-15,54.775
2019-08-16,56.115
2019-08-19,57.04
2019-08-20,56.715
2019-08-21,57.295
2019-08-22,57.22
2019-08-23,54.85
2019-08-26,55.415
2019-08-27,55.285
2019-08-28,55.64
2019-08-29,56.845
2019-08-30,57.21
2019-09-03,56.305
2019-09-04,57.965
2019-09-05,59.725
2019-09-06,59.775
2019-09-09,60.005
2019-09-10,60.125
2019-09-11,60.89
2019-09-12,60.985
2019-09-13,60.955
2019-09-16,60.545
2019-09-17,60.79
2019-09-18,60.855
2019-09-19,60.61
2019-09-20,59.475
2019-09-23,59.985
2019-09-24,59.095
2019-09-25,60.105
2019-09-26,60.315
2019-09-27,58.885
2019-09-30,59.565
2019-10-01,59.16
2019-10-02,58.195
2019-10-03,59.09
2019-10-04,60.13
2019-10-07,59.83
2019-10-08,58.26
2019-10-09,59.285
2019-10-10,59.85
2019-10-11,61.215
2019-10-14,61.305
2019-10-15,62.525
2019-10-16,61.615
2019-10-17,61.655
2019-10-18,61.05
2019-10-21,62.195
2019-10-22,61.725
2019-10-23,60.65
2019-10-24,62.255
2019-10-25,63.515
2019-10-28,64.48
2019-10-29,64.04
2019-10-30,64.11
2019-10-31,63.745
2019-11-01,65.06
2019-11-04,66.445
2019-11-05,66.48
2019-11-06,66.075
2019-11-07,66.465
2019-11-08,66.605
2019-11-11,66.335
2019-11-12,66.475
2019-11-13,66.59
2019-11-14,66.47
2019-11-15,67.145
2019-11-18,67.185
2019-11-19,66.955
2019-11-20,66.3
2019-11-21,65.575
2019-11-22,65.46
2019-11-25,66.97
2019-11-26,66.755
2019-11-27,67.205
2019-11-29,66.455
2019-12-02,65.59
2019-12-03,64.67
2019-12-04,65.62
2019-12-05,66.015
2019-12-06,66.995
2019-12-09,66.545
2019-12-10,66.81
2019-12-11,68.24
2019-12-12,70.2
2019-12-13,69.93
2019-12-16,70.5
2019-12-17,70.9
2019-12-18,70.655
2019-12-19,71.065
2019-12-20,71.75
2019-12-23,71.04
2019-12-24,71.185
2019-12-26,71.375
2019-12-27,71.13
2019-12-30,70.615
2019-12-31,70.705
2020-01-02,72.34
2020-01-03,71.155
2020-01-06,70.395
2020-01-07,71.57
2020-01-08,71.69
2020-01-09,72.1
2020-01-10,71.5
2020-01-13,72.5
2020-01-14,72.65
2020-01-15,71.575
2020-01-16,72.73
2020-01-17,73.03
2020-01-21,73.09
2020-01-22,73.69
2020-01-23,74.15
2020-01-24,73.825
2020-01-27,70.85
2020-01-28,72.625
2020-01-29,71.52
2020-01-30,71.355
2020-01-31,68.785
2020-02-03,69.725
2020-02-04,71.97
2020-02-05,73.4
2020-02-06,73.45
2020-02-07,71.77
2020-02-10,72.9
2020-02-11,74.44
2020-02-12,75.49
2020-02-13,75.67
2020-02-14,75.345
2020-02-18,74.215
2020-02-19,76.125
2020-02-20,74.925
2020-02-21,72.725
2020-02-24,69.43
2020-02-25,67.43
2020-02-26,67.835
2020-02-27,64.71
2020-02-28,65.985
2020-03-02,68.27
2020-03-03,66.03
2020-03-04,69.415
2020-03-05,67.235
2020-03-06,65.94
2020-03-09,60.455
2020-03-10,64.18
2020-03-11,60.715
2020-03-12,54.305
2020-03-13,59.57
2020-03-16,50.985
2020-03-17,55.115
2020-03-18,50.535
2020-03-19,51.43
2020-03-20,50.53
2020-03-23,52.405
2020-03-24,57.815
2020-03-25,57.38
2020-03-26,60.86
2020-03-27,57.495
2020-03-30,59.75
2020-03-31,58.57
2020-04-01,55.665
2020-04-02,57.165
2020-04-03,56.02
2020-04-06,61.59
2020-04-07,61.4
2020-04-08,63.435
2020-04-09,61.935
2020-04-13,62.745
2020-04-14,65.49
2020-04-15,63.725
2020-04-16,65.415
2020-04-17,66.055
2020-04-20,64.655
2020-04-21,61.76
2020-04-22,65.25
2020-04-23,64.65
2020-04-24,65.955
2020-04-27,66.77
2020-04-28,66.325
2020-04-29,69.44
2020-04-30,66.865
2020-05-01,63.715
2020-05-04,64.42
2020-05-05,65.26
2020-05-06,66.025
2020-05-07,66.625
2020-05-08,68.325
2020-05-11,68.36
2020-05-12,66.48
2020-05-13,65.3
2020-05-14,67.13
2020-05-15,65.6
2020-05-18,68.425
2020-05-19,68.17
2020-05-20,70.64
2020-05-21,68.85
2020-05-22,68.995
2020-05-26,69.59
2020-05-27,70.64
2020-05-28,69.13
2020-05-29,70.515
2020-06-01,70.41
2020-06-02,71.795
2020-06-03,73.775
2020-06-04,74.59
2020-06-05,76.35
2020-06-08,76.12
2020-06-09,76.26
2020-06-10,76.65
2020-06-11,71.945
2020-06-12,72.96
2020-06-15,73.905
2020-06-16,75.06
2020-06-17,75.855
2020-06-18,75.75
2020-06-19,75.395
2020-06-22,76.085
2020-06-23,76.335
2020-06-24,74.735
2020-06-25,75.245
2020-06-26,73.835
2020-06-29,74.585
2020-06-30,76.4
2020-07-01,75.525
2020-07-02,76.68
2020-07-06,78.795
2020-07-07,77.815
2020-07-08,78.93
2020-07-09,80.3
2020-07-10,79.985
2020-07-13,78.835
2020-07-14,80.16
2020-07-15,79.795
2020-07-16,79.735
2020-07-17,80.105
2020-07-20,81.705
2020-07-21,81.295
2020-07-22,81.89
2020-07-23,80.54
2020-07-24,79.73
2020-07-27,82.945
2020-07-28,80.79
2020-07-29,82.825
2020-07-30,83.605
2020-07-31,83.11
2020-08-03,84.59
2020-08-04,85.82
2020-08-05,85.895
2020-08-06,85.745
2020-08-07,84.76
2020-08-10,84.82
2020-08-11,83.62
2020-08-12,86.25
2020-08-13,85.43
2020-08-14,85.34
2020-08-17,86.585
2020-08-18,86.05
2020-08-19,85.525
2020-08-20,84.84
2020-08-21,85.455
2020-08-24,86.215
2020-08-25,87.19
2020-08-26,87.675
2020-08-27,86.445
2020-08-28,87.82
2020-08-31,87.685
2020-09-01,89.405
2020-09-02,91.775
2020-09-03,86.9
2020-09-04,85.705
2020-09-08,81.905
2020-09-09,84.25
2020-09-10,83.19
2020-09-11,83.03
2020-09-14,84.9
2020-09-15,86.685
2020-09-16,85.62
2020-09-17,85.425
2020-09-18,84.135
2020-09-21,84.175
2020-09-22,84.865
2020-09-23,82.925
2020-09-24,83.65
2020-09-25,84.62
2020-09-28,86.77
2020-09-29,87.23
2020-09-30,87.1
2020-10-01,89.25
2020-10-02,86.575
2020-10-05,89.525
2020-10-06,88.74
2020-10-07,90.64
2020-10-08,91.75
2020-10-09,93.325
2020-10-12,94.97
2020-10-13,94.685
2020-10-14,94.185
2020-10-15,93.82
2020-10-16,93.235
2020-10-19,92.775
2020-10-20,92.85
2020-10-21,92.255
2020-10-22,92.22
2020-10-23,92.0
2020-10-26,90.03
2020-10-27,89.72
2020-10-28,86.825
2020-10-29,88.97
2020-10-30,87.475
2020-11-02,88.155
2020-11-03,89.99
2020-11-04,93.29
2020-11-05,96.995
2020-11-06,98.5
2020-11-09,97.425
2020-11-10,94.41
2020-11-11,97.73
2020-11-12,96.675
2020-11-13,98.1
2020-11-16,100.86
2020-11-17,99.7
2020-11-18,99.205
2020-11-19,100.5
2020-11-20,99.99
2020-11-23,101.53
2020-11-24,101.85
2020-11-25,101.845
2020-11-27,103.21
2020-11-30,104.305
2020-12-01,106.2
2020-12-02,106.625
2020-12-03,106.585
2020-12-04,109.695
2020-12-07,110.32
2020-12-08,110.465
2020-12-09,107.045
2020-12-10,107.125
2020-12-11,106.255
2020-12-14,107.34
2020-12-15,109.025
2020-12-16,108.98
2020-12-17,108.955
2020-12-18,108.58
2020-12-21,107.285
2020-12-22,107.095
2020-12-23,106.295
2020-12-24,107.435
2020-12-28,107.22
2020-12-29,106.95
2020-12-30,108.925
2020-12-31,109.21
2021-01-04,109.43
2021-01-05,111.345
2021-01-06,111.005
2021-01-07,115.585
2021-01-08,115.17
2021-01-11,116.895
2021-01-12,117.44
2021-01-13,116.805
2021-01-14,119.71
2021-01-15,117.38
2021-01-19,121.41
2021-01-20,120.905
2021-01-21,122.775
2021-01-22,120.465
2021-01-25,120.94
2021-01-26,118.85
2021-01-27,113.045
2021-01-28,115.41
2021-01-29,113.305
2021-02-01,117.745
2021-02-02,119.355
2021-02-03,117.11
2021-02-04,118.465
2021-02-05,117.605
2021-02-08,121.535
2021-02-09,121.175
2021-02-10,121.485
2021-02-11,125.985
2021-02-12,127.28
2021-02-16,128.06
2021-02-17,125.58
2021-02-18,124.245
2021-02-19,126.93
2021-02-22,122.29
2021-02-23,121.115
2021-02-24,125.01
2021-02-25,118.04
2021-02-26,120.475
2021-03-01,124.1
2021-03-02,120.285
2021-03-03,116.495
2021-03-04,110.84
2021-03-05,114.395
2021-03-08,108.11
2021-03-09,114.515
2021-03-10,112.19
2021-03-11,116.905
2021-03-12,115.445
2021-03-15,117.935
2021-03-16,119.225
2021-03-17,120.345
2021-03-18,115.525
2021-03-19,116.84
2021-03-22,119.625
2021-03-23,116.63
2021-03-24,114.63
2021-03-25,115.05
2021-03-26,120.82
2021-03-29,118.885
2021-03-30,118.375
2021-03-31,121.775
2021-04-01,126.47
2021-04-05,128.575
2021-04-06,126.815
2021-04-07,126.525
2021-04-08,128.34
2021-04-09,128.04
2021-04-12,126.555
2021-04-13,126.305
2021-04-14,125.095
2021-04-15,126.7
2021-04-16,126.205
2021-04-19,123.08
2021-04-20,121.355
2021-04-21,124.555
2021-04-22,121.8
2021-04-23,124.6
2021-04-26,126.73
2021-04-27,125.99
2021-04-28,123.975
2021-04-29,125.12
2021-04-30,121.5
2021-05-03,120.09
2021-05-04,118.6
2021-05-05,119.125
2021-05-06,120.105
2021-05-07,121.8
2021-05-10,116.4
2021-05-11,116.625
2021-05-12,111.815
2021-05-13,113.085
2021-05-14,116.67
2021-05-17,115.37
2021-05-18,114.735
2021-05-19,116.79
2021-05-20,119.69
2021-05-21,119.085
2021-05-24,121.7
2021-05-25,122.5
2021-05-26,122.625
2021-05-27,123.215
2021-05-28,124.595
2021-06-01,124.41
2021-06-02,125.14
2021-06-03,123.0
2021-06-04,125.74
2021-06-07,125.1
2021-06-08,124.07
2021-06-09,123.685
2021-06-10,125.3
2021-06-11,125.74
2021-06-14,127.44
2021-06-15,126.34
2021-06-16,125.275
2021-06-17,126.69
2021-06-18,123.465
2021-06-21,123.79
2021-06-22,124.6
2021-06-23,125.23
2021-06-24,127.275
2021-06-25,126.775
2021-06-28,129.85
2021-06-29,130.98
2021-06-30,131.12
2021-07-01,129.185
2021-07-02,129.9
2021-07-06,129.86
2021-07-07,128.06
2021-07-08,126.345
2021-07-09,128.5
2021-07-12,130.185
2021-07-13,129.905
2021-07-14,129.62
2021-07-15,126.065
2021-07-16,123.425
2021-07-19,123.4
2021-07-20,124.91
2021-07-21,128.5
2021-07-22,127.725
2021-07-23,128.655
2021-07-26,128.51
2021-07-27,126.24
2021-07-28,128.495
2021-07-29,130.905
2021-07-30,131.57
2021-08-02,132.5
2021-08-03,133.7
2021-08-04,135.16
2021-08-05,135.01
2021-08-06,134.285
2021-08-09,133.88
2021-08-10,132.165
2021-08-11,131.815
2021-08-12,130.375
2021-08-13,131.225
2021-08-16,130.66
2021-08-17,128.185
2021-08-18,126.53
2021-08-19,127.64
2021-08-20,128.19
2021-08-23,131.875
2021-08-24,131.965
2021-08-25,133.4
2021-08-26,133.605
2021-08-27,136.02
2021-08-30,136.45
2021-08-31,135.415
2021-09-01,135.205
2021-09-02,135.535
2021-09-03,136.645
2021-09-07,136.365
2021-09-08,134.565
2021-09-09,135.12
2021-09-10,136.14
2021-09-13,137.16
2021-09-14,137.25
2021-09-15,137.73
2021-09-16,137.93
2021-09-17,135.5
2021-09-20,132.2
2021-09-21,132.48
2021-09-22,134.87
2021-09-23,136.565
2021-09-24,136.195
2021-09-27,135.71
2021-09-28,130.245
2021-09-29,128.28
2021-09-30,128.135
2021-10-01,128.245
2021-10-04,124.905
2021-10-05,126.66
2021-10-06,127.045
2021-10-07,128.625
2021-10-08,127.375
2021-10-11,126.615
2021-10-12,125.335
2021-10-13,126.405
2021-10-14,130.2
2021-10-15,131.29
2021-10-18,132.325
2021-10-19,133.84
2021-10-20,133.25
2021-10-21,134.77
2021-10-22,133.58
2021-10-25,134.255
2021-10-26,135.02
2021-10-27,133.88
2021-10-28,136.43
2021-10-29,136.82
2021-11-01,138.39
2021-11-02,139.915
2021-11-03,141.3
2021-11-04,147.15
2021-11-05,148.3
2021-11-08,150.97
2021-11-09,151.17
2021-11-10,146.4
2021-11-11,149.035
2021-11-12,150.55
2021-11-15,150.35
2021-11-16,152.3
2021-11-17,151.395
2021-11-18,155.12
2021-11-19,156.1
2021-11-22,153.745
2021-11-23,152.63
2021-11-24,154.17
2021-11-26,149.7
2021-11-29,155.71
2021-11-30,152.45
2021-12-01,151.91
2021-12-02,152.305
2021-12-03,150.575
2021-12-06,150.0
2021-12-07,157.275
2021-12-08,156.595
2021-12-09,152.805
2021-12-10,153.775
2021-12-13,149.785
2021-12-14,148.92
2021-12-15,155.08
2021-12-16,148.34
2021-12-17,147.645
2021-12-20,145.755
2021-12-21,151.02
2021-12-22,152.815
2021-12-23,154.13
2021-12-27,158.28
2021-12-28,156.72
2021-12-29,156.695
2021-12-30,154.915
2021-12-31,154.395
2022-01-03,157.8
2022-01-04,156.98
2022-01-05,151.595
2022-01-06,153.1
2022-01-07,148.445
2022-01-10,148.635
2022-01-11,151.635
2022-01-12,152.93
2022-01-13,150.27
2022-01-14,153.455
2022-01-18,146.59
2022-01-19,142.54
2022-01-20,138.175
2022-01-21,135.875
2022-01-24,137.615
2022-01-25,132.165
2022-01-26,134.07
2022-01-27,128.345
2022-01-28,130.845
2022-01-31,137.7
2022-02-01,138.29
2022-02-02,141.82
2022-02-03,135.53
2022-02-04,136.265
2022-02-07,136.48
2022-02-08,139.275
2022-02-09,144.125
2022-02-10,139.81
2022-02-11,132.625
2022-02-14,132.535
2022-02-15,139.745
2022-02-16,139.715
2022-02-17,134.115
2022-02-18,132.625
2022-02-22,131.715
2022-02-23,128.955
2022-02-24,133.38
2022-02-25,135.24
2022-02-28,134.075
2022-03-01,129.845
2022-03-02,134.095
2022-03-03,131.205
2022-03-04,127.675
2022-03-07,121.32
2022-03-08,123.15
2022-03-09,128.5
2022-03-10,125.72
2022-03-11,122.895
2022-03-14,119.345
2022-03-15,124.345
2022-03-16,130.93
2022-03-17,131.75
2022-03-18,134.595
2022-03-21,134.28
2022-03-22,135.205
2022-03-23,131.825
2022-03-24,138.24
2022-03-25,137.665
2022-03-28,138.665
2022-03-29,141.8
2022-03-30,137.685
2022-03-31,134.895
2022-04-01,132.71
2022-04-04,134.9
2022-04-05,129.08
2022-04-06,126.41
2022-04-07,126.43
2022-04-08,123.425
2022-04-11,120.65
2022-04-12,120.0
2022-04-13,122.85
2022-04-14,119.11
2022-04-18,121.15
2022-04-19,123.73
2022-04-20,123.505
2022-04-21,120.12
2022-04-22,117.365
2022-04-25,119.395
2022-04-26,114.305
2022-04-27,113.755
2022-04-28,120.25
2022-04-29,114.925
2022-05-02,118.27
2022-05-03,119.24
2022-05-04,123.33
2022-05-05,117.54
2022-05-06,116.335
2022-05-09,110.445
2022-05-10,113.3
2022-05-11,109.825
2022-05-12,110.345
2022-05-13,116.13
2022-05-16,114.255
2022-05-17,119.72
2022-05-18,114.0
2022-05-19,114.03
2022-05-20,114.085
2022-05-23,115.0
2022-05-24,111.965
2022-05-25,114.295
2022-05-26,118.115
2022-05-27,122.8
2022-05-31,122.29
2022-06-01,120.28
2022-06-02,124.53
2022-06-03,120.86
2022-06-06,120.96
2022-06-07,121.925
2022-06-08,119.385
2022-06-09,116.21
2022-06-10,111.91
2022-06-13,105.69
2022-06-14,106.465
2022-06-15,108.415
2022-06-16,101.99
2022-06-17,102.825
2022-06-21,105.74
2022-06-22,104.25
2022-06-23,103.71
2022-06-24,108.08
2022-06-27,107.72
2022-06-28,105.005
2022-06-29,103.155
2022-06-30,101.865
2022-07-01,97.995
2022-07-05,98.51
2022-07-06,99.18
2022-07-07,103.76
2022-07-08,104.32
2022-07-11,101.82
2022-07-12,101.78
2022-07-13,102.585
2022-07-14,104.75
2022-07-15,107.395
2022-07-18,106.6
2022-07-19,111.47
2022-07-20,114.095
2022-07-21,116.01
2022-07-22,113.385
2022-07-25,112.685
2022-07-26,110.985
2022-07-27,116.18
2022-07-28,117.6
2022-07-29,118.58
2022-08-01,118.82
2022-08-02,118.575
2022-08-03,121.41
2022-08-04,122.645
2022-08-05,121.81
2022-08-08,119.705
2022-08-09,114.695
2022-08-10,119.34
2022-08-11,119.315
2022-08-12,122.685
2022-08-15,123.24
2022-08-16,121.85
2022-08-17,119.235
2022-08-18,120.9
2022-08-19,117.495
2022-08-22,113.4
2022-08-23,114.135
2022-08-24,114.06
2022-08-25,117.89
2022-08-26,111.335
2022-08-29,109.27
2022-08-30,108.02
2022-08-31,107.285
2022-09-01,104.94
2022-09-02,103.91
2022-09-06,102.75
2022-09-07,104.39
2022-09-08,105.805
2022-09-09,108.43
2022-09-12,108.7
2022-09-13,102.23
2022-09-14,103.34
2022-09-15,101.5
2022-09-16,101.955
2022-09-19,102.625
2022-09-20,101.205
2022-09-21,100.36
2022-09-22,97.58
2022-09-23,96.185
2022-09-26,95.065
2022-09-27,95.785
2022-09-28,97.005
2022-09-29,93.95
2022-09-30,92.56
2022-10-03,95.88
2022-10-04,99.98
2022-10-05,100.97
2022-10-06,100.28
2022-10-07,94.3
2022-10-10,91.15
2022-10-11,88.275
2022-10-12,87.745
2022-10-13,90.43
2022-10-14,86.575
2022-10-17,88.625
2022-10-18,88.645
2022-10-19,89.36
2022-10-20,90.07
2022-10-21,93.175
2022-10-24,93.47
2022-10-25,94.95
2022-10-26,94.02
2022-10-27,92.845
2022-10-28,96.39
2022-10-31,94.61
2022-11-01,95.265
2022-11-02,92.535
2022-11-03,91.45
2022-11-04,95.7
2022-11-07,97.59
2022-11-08,99.695
2022-11-09,96.985
2022-11-10,106.895
2022-11-11,110.4
2022-11-14,109.355
2022-11-15,112.8
2022-11-16,108.74
2022-11-17,109.56
2022-11-18,109.76
2022-11-21,107.84
2022-11-22,110.975
2022-11-23,111.94
2022-11-25,110.625
2022-11-28,108.015
2022-11-29,107.72
2022-11-30,113.865
2022-12-01,113.5
2022-12-02,111.94
2022-12-05,110.605
2022-12-06,108.18
2022-12-07,108.155
2022-12-08,110.91
2022-12-09,110.02
2022-12-12,111.98
2022-12-13,113.845
2022-12-14,111.885
2022-12-15,107.625
2022-12-16,106.79
2022-12-19,104.34
2022-12-20,103.83
2022-12-21,106.15
2022-12-22,101.75
2022-12-23,101.74
2022-12-27,99.92
2022-12-28,98.65
2022-12-29,101.87
2022-12-30,101.47
2023-01-03,100.69
2023-01-04,103.25
2023-01-05,101.4
2023-01-06,105.835
2023-01-09,108.14
2023-01-10,109.545
2023-01-11,110.83
2023-01-12,112.49
2023-01-13,112.895
2023-01-17,113.565
2023-01-18,112.855
2023-01-19,110.095
2023-01-20,113.675
2023-01-23,119.035
2023-01-24,118.19
2023-01-25,118.31
2023-01-26,120.43
2023-01-27,119.64
2023-01-30,116.775
2023-01-31,118.55
2023-02-01,124.14
2023-02-02,126.795
2023-02-03,124.465
2023-02-06,122.395
2023-02-07,126.07
2023-02-08,123.6
2023-02-09,124.09
2023-02-10,122.005
2023-02-13,123.84
2023-02-14,126.505
2023-02-15,126.5
2023-02-16,123.065
2023-02-17,121.385
2023-02-21,117.695
2023-02-22,117.12
2023-02-23,121.27
2023-02-24,119.105
2023-02-27,119.64
2023-02-28,119.7
2023-03-01,119.78
2023-03-02,120.84
2023-03-03,122.48
2023-03-06,121.39
2023-03-07,120.035
2023-03-08,123.175
2023-03-09,120.815
2023-03-10,118.86
2023-03-13,118.78
2023-03-14,122.335
2023-03-15,120.96
2023-03-16,125.8
2023-03-17,125.16
2023-03-20,126.42
2023-03-21,126.82
2023-03-22,126.005
2023-03-23,129.355
2023-03-24,127.31
2023-03-27,125.825
2023-03-28,124.95
2023-03-29,128.84
2023-03-30,130.685
2023-03-31,131.595
2023-04-03,130.845
2023-04-04,128.835
2023-04-05,126.58
2023-04-06,126.2
2023-04-10,128.11
2023-04-11,127.43
2023-04-12,125.165
2023-04-13,126.175
2023-04-14,126.04
2023-04-17,125.95
2023-04-18,126.515
2023-04-19,125.315
2023-04-20,125.455
2023-04-21,124.17
2023-04-24,123.505
2023-04-25,119.59
2023-04-26,120.425
2023-04-27,121.59
2023-04-28,123.625
2023-05-01,124.57
2023-05-02,123.49
2023-05-03,122.215
2023-05-04,121.805
2023-05-05,124.38
2023-05-08,125.07
2023-05-09,123.14
2023-05-10,124.14
2023-05-11,123.04
2023-05-12,122.9
2023-05-15,126.12
2023-05-16,126.09
2023-05-17,129.5
2023-05-18,134.04
2023-05-19,133.3
2023-05-22,133.19
2023-05-23,131.27
2023-05-24,129.34
2023-05-25,140.46
2023-05-26,147.36
2023-05-30,148.07
2023-05-31,144.33
2023-06-01,146.5
2023-06-02,146.14
2023-06-05,144.31
2023-06-06,145.33
2023-06-07,144.5
2023-06-08,146.17
2023-06-09,146.84
2023-06-12,151.18
2023-06-13,153.27
2023-06-14,155.6
2023-06-15,154.48
2023-06-16,153.38
2023-06-20,152.84
2023-06-21,149.34
2023-06-22,150.08
2023-06-23,147.53
2023-06-26,146.85
2023-06-27,151.51
2023-06-28,150.14
2023-06-29,149.92
2023-06-30,152.25
2023-07-03,153.6
2023-07-05,150.7
2023-07-06,148.91
2023-07-07,149.05
2023-07-10,151.16
2023-07-11,151.32
2023-07-12,154.5
2023-07-13,158.21
2023-07-14,156.9
2023-07-17,159.82
2023-07-18,160.26
2023-07-19,158.58
2023-07-20,152.97
2023-07-21,153.79
2023-07-24,153.92
2023-07-25,156.39
2023-07-26,154.68
2023-07-27,157.46
2023-07-28,160.5
2023-07-31,160.62
2023-08-01,160.53
2023-08-02,154.64
2023-08-03,154.19
2023-08-04,154.25
2023-08-07,155.91
2023-08-08,153.34
2023-08-09,150.3
2023-08-10,149.97
2023-08-11,146.21
2023-08-14,150.66
2023-08-15,148.85
2023-08-16,146.5
2023-08-17,145.51
2023-08-18,146.13
2023-08-21,151.04
2023-08-22,149.53
2023-08-23,152.77
2023-08-24,148.82
2023-08-25,149.09
2023-08-28,150.93
2023-08-29,154.8
2023-08-30,155.59
2023-08-31,156.22
2023-09-01,156.21
2023-09-05,156.58
2023-09-06,154.76
2023-09-07,151.33
2023-09-08,150.38
2023-09-11,150.49
2023-09-12,149.36
2023-09-13,150.57
2023-09-14,151.39
2023-09-15,146.81
2023-09-18,147.3
2023-09-19,146.03
2023-09-20,143.63
2023-09-21,140.76
2023-09-22,141.96
2023-09-25,142.96
2023-09-26,140.7
2023-09-27,141.99
2023-09-28,144.29
2023-09-29,144.98
2023-10-02,146.23
2023-10-03,142.98
2023-10-04,145.21
2023-10-05,145.21
2023-10-06,148.35
2023-10-09,147.97
2023-10-10,149.8
2023-10-11,151.42
2023-10-12,152.19
2023-10-13,148.38
2023-10-16,150.09
2023-10-17,148.32
2023-10-18,145.35
2023-10-19,144.36
2023-10-20,142.1
2023-10-23,142.6
2023-10-24,144.27
2023-10-25,138.68
2023-10-26,137.46
2023-10-27,138.31
2023-10-30,137.96
2023-10-31,138.95
2023-11-01,142.41
2023-11-02,146.1
2023-11-03,149.51
2023-11-06,149.95
2023-11-07,150.89
2023-11-08,151.43
2023-11-09,151.16
2023-11-10,157.28
2023-11-13,156.32
2023-11-14,161.09
2023-11-15,161.21
2023-11-16,161.81
2023-11-17,162.57
2023-11-20,164.9
2023-11-21,162.47
2023-11-22,162.12
2023-11-24,161.76
2023-11-27,161.66
2023-11-28,160.73
2023-11-29,162.21
2023-11-30,160.48
2023-12-01,161.13
2023-12-04,158.78
2023-12-05,158.78
2023-12-06,157.5
2023-12-07,161.1
2023-12-08,162.48
2023-12-11,166.38
2023-12-12,168.14
2023-12-13,170.12
2023-12-14,173.26
2023-12-15,174.08
2023-12-18,173.34
2023-12-19,173.92
2023-12-20,169.08
2023-12-21,173.26
2023-12-22,173.28
2023-12-26,175.67
2023-12-27,175.86
2023-12-28,175.82
2023-12-29,174.87
2024-01-02,168.97
2024-01-03,165.97
2024-01-04,164.99
2024-01-05,166.08
2024-01-08,171.96
2024-01-09,172.42
2024-01-10,172.58
2024-01-11,173.56
2024-01-12,172.95
2024-01-16,175.7
2024-01-17,174.64
2024-01-18,180.31
2024-01-19,187.18
2024-01-22,188.05
2024-01-23,189.01
2024-01-24,192.37
2024-01-25,192.37
2024-01-26,188.27
2024-01-29,190.48
2024-01-30,188.59
2024-01-31,185.87
2024-02-01,187.57
2024-02-02,191.22
2024-02-05,194.95
2024-02-06,192.74
2024-02-07,196.63
2024-02-08,199.43
2024-02-09,203.85
2024-02-12,203.06
2024-02-13,199.3
2024-02-14,203.3
2024-02-15,202.62
2024-02-16,201.75
2024-02-20,197.78
2024-02-21,196.51
2024-02-22,209.93
2024-02-23,208.62
2024-02-26,210.35
2024-02-27,209.74
2024-02-28,207.41
2024-02-29,211.95
2024-03-01,220.54
2024-03-04,224.09
2024-03-05,220.66
2024-03-06,226.35
2024-03-07,234.17
2024-03-08,224.99
2024-03-11,220.98
2024-03-12,227.97
2024-03-13,223.46
2024-03-14,219.46
2024-03-15,217.84
2024-03-18,218.28
2024-03-19,217.8
2024-03-20,221.29
2024-03-21,226.31
2024-03-22,227.64
2024-03-25,227.08
2024-03-26,224.97
2024-03-27,224.89
2024-03-28,224.99
2024-04-01,227.94
2024-04-02,225.01
2024-04-03,225.91
2024-04-04,219.89
2024-04-05,222.64
2024-04-08,223.06
2024-04-09,224.1
2024-04-10,222.15
2024-04-11,227.31
2024-04-12,220.68
2024-04-15,217.36
2024-04-16,219.16
2024-04-17,212.4
2024-04-18,208.63
2024-04-19,199.21
2024-04-22,203.02
2024-04-23,207.8
2024-04-24,208.04
2024-04-25,212.2
2024-04-26,217.64
2024-04-29,218.38
2024-04-30,214.09
2024-05-01,207.85
2024-05-02,212.03
2024-05-03,217.73
2024-05-06,222.67
2024-05-07,220.73
2024-05-08,221.4
2024-05-09,219.98
2024-05-10,223.3
2024-05-13,223.26
2024-05-14,227.08
2024-05-15,233.9
2024-05-16,232.2
2024-05-17,230.25
2024-05-20,235.0
2024-05-21,234.67
2024-05-22,236.59
2024-05-23,239.82
2024-05-24,244.26
2024-05-28,249.83
2024-05-29,245.65
2024-05-30,242.27
2024-05-31,240.48
2024-06-03,243.48
2024-06-04,242.6
2024-06-05,254.41
2024-06-06,252.41
2024-06-07,252.21
2024-06-10,255.86
2024-06-11,255.48
2024-06-12,263.09
2024-06-13,267.21
2024-06-14,267.89
2024-06-17,272.48
2024-06-18,276.76
2024-06-20,268.92
2024-06-21,264.89
2024-06-24,255.78
2024-06-25,261.77
2024-06-26,260.91
2024-06-27,258.86
2024-06-28,260.7
2024-07-01,261.01
2024-07-02,263.63
2024-07-03,269.62
2024-07-05,269.72
2024-07-08,274.21
2024-07-09,274.81
2024-07-10,281.27
2024-07-11,271.02
2024-07-12,274.45
2024-07-15,273.83
2024-07-16,273.71
2024-07-17,254.22
2024-07-18,255.54
2024-07-19,248.14
2024-07-22,257.72
2024-07-23,254.86
2024-07-24,240.98
2024-07-25,236.56
2024-07-26,240.31
2024-07-29,238.6
2024-07-30,229.47
2024-07-31,246.99
2024-08-01,231.01
2024-08-02,218.43
2024-08-05,213.31
2024-08-06,217.46
2024-08-07,211.47
2024-08-08,224.91
2024-08-09,224.85
2024-08-12,226.96
2024-08-13,236.19
2024-08-14,236.39
2024-08-15,246.37
2024-08-16,246.71
2024-08-19,251.34
2024-08-20,248.06
2024-08-21,250.63
2024-08-22,242.42
2024-08-23,248.39
2024-08-26,242.57
2024-08-27,245.01
2024-08-28,240.89
2024-08-29,237.91
2024-08-30,243.46
2024-09-03,225.19
2024-09-04,224.65
2024-09-05,224.26
2024-09-06,215.0
2024-09-09,219.86
2024-09-10,221.94
2024-09-11,233.4
2024-09-12,233.9
2024-09-13,236.91
2024-09-16,233.8
2024-09-17,233.72
2024-09-18,231.06
2024-09-19,241.09
2024-09-20,237.9
2024-09-23,238.95
2024-09-24,243.4
2024-09-25,245.54
2024-09-26,252.62
2024-09-27,247.74
2024-09-30,245.45
2024-10-01,238.88
2024-10-02,242.32
2024-10-03,244.55
2024-10-04,247.82
2024-10-07,248.22
2024-10-08,252.52
2024-10-09,255.15
2024-10-10,254.65
2024-10-11,256.69
2024-10-14,261.28
2024-10-15,247.16
2024-10-16,247.32
2024-10-17,251.58
2024-10-18,251.51
2024-10-21,252.84
2024-10-22,251.69
2024-10-23,249.01
2024-10-24,250.06
2024-10-25,252.96
2024-10-28,251.21
2024-10-29,256.92
2024-10-30,250.68
2024-10-31,241.68
2024-11-01,244.75
2024-11-04,244.27
2024-11-05,248.31
2024-11-06,254.81
2024-11-07,261.02
2024-11-08,259.34
2024-11-11,253.53
2024-11-12,251.86
2024-11-13,247.63
2024-11-14,248.18
2024-11-15,239.95
2024-11-18,241.54
2024-11-19,244.18
2024-11-20,242.54
2024-11-21,246.1
2024-11-22,244.62
2024-11-25,243.66
2024-11-26,241.42
2024-11-27,238.25
2024-11-29,242.13
2024-12-02,247.87
2024-12-03,248.42
2024-12-04,252.63
2024-12-05,248.3
2024-12-06,248.61
2024-12-09,246.07
2024-12-10,239.88
2024-12-11,245.75
2024-12-12,243.37
2024-12-13,249.49
2024-12-16,253.25
2024-12-17,249.96
2024-12-18,241.99
2024-12-19,238.87
2024-12-20,242.71
2024-12-23,249.22
2024-12-24,251.37
2024-12-26,250.93
2024-12-27,248.4
2024-12-30,244.66
2024-12-31,242.17
2025-01-02,244.79
2025-01-03,251.88
2025-01-06,260.23
2025-01-07,254.04
2025-01-08,252.23
2025-01-10,247.18
2025-01-13,244.64
2025-01-14,245.44
2025-01-15,251.21
2025-01-16,252.29
2025-01-17,258.25
2025-01-21,262.39
2025-01-22,267.17
2025-01-23,266.85
2025-01-24,261.53
2025-01-27,235.81
2025-01-28,240.45
2025-01-29,239.53
2025-01-30,245.17
2025-01-31,243.62
2025-02-03,238.78
2025-02-04,241.47
2025-02-05,247.14
2025-02-06,248.35
2025-02-07,245.0
2025-02-10,249.62
2025-02-11,249.87
2025-02-12,248.51
2025-02-13,251.92
2025-02-14,252.58
2025-02-18,256.22
2025-02-19,257.34
2025-02-20,257.8
2025-02-21,249.99
2025-02-24,243.42
2025-02-25,238.25
2025-02-26,243.82
2025-02-27,228.79
2025-02-28,232.77
2025-03-03,223.01
2025-03-04,225.23
2025-03-05,229.4
2025-03-06,219.78
2025-03-07,225.09
2025-03-10,214.53
2025-03-11,214.22
2025-03-12,220.52
2025-03-13,219.55
2025-03-14,226.57
2025-03-17,228.96
2025-03-18,225.42
2025-03-19,227.41
2025-03-20,227.05
2025-03-21,224.77
2025-03-24,230.63
2025-03-25,229.65
2025-03-26,222.01
2025-03-27,217.75
2025-03-28,212.17
2025-03-31,211.47
2025-04-01,212.49
2025-04-02,214.09
2025-04-03,195.57
2025-04-04,180.8
2025-04-07,184.9
2025-04-08,179.95
2025-04-09,210.83
2025-04-10,196.21
2025-04-11,201.31
2025-04-14,201.61
2025-04-15,202.92
2025-04-16,194.35
2025-04-17,192.53
2025-04-21,187.83
2025-04-22,191.9
2025-04-23,198.91
2025-04-24,208.97
2025-04-25,211.97
2025-04-28,210.65
2025-04-29,210.29
2025-04-30,211.28
2025-05-01,212.3
2025-05-02,219.03
2025-05-05,217.61
2025-05-06,215.59
2025-05-07,220.02
2025-05-08,221.95
2025-05-09,223.4
2025-05-12,237.41
2025-05-13,245.56
2025-05-14,247.99
2025-05-15,247.13
2025-05-16,246.42
2025-05-19,246.01
2025-05-20,245.54
2025-05-21,241.47
2025-05-22,240.81
2025-05-23,237.44
2025-05-27,244.97
2025-05-28,242.36
2025-05-29,244.08
2025-05-30,239.75
2025-06-02,243.3
2025-06-03,248.79
2025-06-04,251.75
2025-06-05,251.3
2025-06-06,252.73
2025-06-09,256.96
2025-06-10,262.07
2025-06-11,261.88
2025-06-12,263.15
2025-06-13,256.99
2025-06-16,263.38
2025-06-17,261.59
2025-06-18,262.59
2025-06-20,260.27
2025-06-23,261.92
2025-06-24,271.54
2025-06-25,275.2
2025-06-26,277.2
2025-06-27,278.42
2025-06-30,278.88
2025-07-01,275.84
2025-07-02,281.25
2025-07-03,283.62
2025-07-07,279.76
2025-07-08,283.48
2025-07-09,285.42
2025-07-10,287.52
2025-07-11,287.49
2025-07-14,285.32
2025-07-15,290.8
2025-07-16,289.28
2025-07-17,291.71
2025-07-18,290.31
2025-07-21,290.51
2025-07-22,285.37
2025-07-23,286.61
2025-07-24,287.8
2025-07-25,287.49
2025-07-28,291.41
2025-07-29,292.9
2025-07-30,296.26
2025-07-31,288.78
2025-08-01,283.95
2025-08-04,290.19
2025-08-05,287.1
2025-08-06,286.62
2025-08-07,291.12
2025-08-08,293.53
2025-08-11,293.4
2025-08-12,300.1
2025-08-13,301.28
2025-08-14,301.92
2025-08-15,295.65
2025-08-18,296.86
2025-08-19,290.87
2025-08-20,288.96
2025-08-21,287.46
2025-08-22,293.64
2025-08-25,293.92
2025-08-26,296.75
2025-08-27,297.66
2025-08-28,298.88
2025-08-29,290.29
2025-09-02,286.48
2025-09-03,286.43
2025-09-04,289.86
2025-09-05,293.28
2025-09-08,296.52
2025-09-09,297.81
2025-09-10,300.83
2025-09-11,303.93
2025-09-12,304.32
2025-09-15,307.17
2025-09-16,307.21
2025-09-17,305.25
2025-09-18,316.97
2025-09-19,315.71
2025-09-22,322.17
2025-09-23,321.7
2025-09-24,321.11
2025-09-25,321.06
2025-09-26,321.82
2025-09-29,322.66
2025-09-30,326.36
2025-10-01,333.69
2025-10-02,338.24
2025-10-03,336.68
2025-10-06,343.38
2025-10-07,337.05
2025-10-08,346.07
2025-10-09,345.21
2025-10-10,325.34
2025-10-13,339.75
2025-10-14,333.5
2025-10-15,341.78
2025-10-16,343.3
2025-10-17,342.83
2025-10-20,347.22
2025-10-21,345.3
2025-10-22,338.6
2025-10-23,344.8
2025-10-24,351.14
2025-10-27,359.94
2025-10-28,363.11
2025-10-29,368.61
2025-10-30,363.73
2025-10-31,363.02
2025-11-03,366.1
2025-11-04,352.76
2025-11-05,359.5
2025-11-06,351.09
2025-11-07,348.12
2025-11-10,358.79
2025-11-11,351.05
2025-11-12,355.53
2025-11-13,344.82
2025-11-14,344.98
2025-11-17,340.3
2025-11-18,333.29
2025-11-19,339.44
2025-11-20,325.1
2025-11-21,326.13
2025-11-24,339.12
2025-11-25,340.01
2025-11-26,347.71
2025-11-28,352.28
2025-12-01,352.96
2025-12-02,359.43
2025-12-03,364.37
2025-12-04,361.6
2025-12-05,364.42
2025-12-08,368.55
2025-12-09,369.0
2025-12-10,374.1
2025-12-11,370.89
2025-12-12,354.12
2025-12-15,352.9
2025-12-16,351.94
2025-12-17,339.24
2025-12-18,347.25
2025-12-19,356.23
2025-12-22,359.7
2025-12-23,363.16
2025-12-24,364.17
2025-12-26,365.86
2025-12-29,364.21
2025-12-30,363.31
2025-12-31,360.13
2026-01-02,373.3
2026-01-05,377.59
2026-01-06,387.62
2026-01-07,385.02
2026-01-08,378.98
2026-01-09,389.22
2026-01-12,390.66
2026-01-13,391.53
2026-01-14,388.35
2026-01-15,396.41
2026-01-16,400.39
2026-01-20,390.39
2026-01-21,401.93
2026-01-22,402.82
2026-01-23,400.09
2026-01-26,398.82
2026-01-27,407.25
2026-01-28,416.63
2026-01-29,417.52
2026-01-30,403.46
2026-02-02,407.97
2026-02-03,397.68
2026-02-04,382.02
2026-02-05,381.07
2026-02-06,401.65
2026-02-09,406.65
2026-02-10,404.76
2026-02-11,414.78
2026-02-12,406.11
2026-02-13,407.72
2026-02-17,407.51
2026-02-18,412.55
2026-02-19,410.2
2026-02-20,415.03
2026-02-23,412.88
2026-02-24,419.16
2026-02-25,426.16
2026-02-26,412.01
2026-02-27,406.37
2026-03-02,406.39
2026-03-03,391.06
2026-03-04,399.1
2026-03-05,395.35
2026-03-06,380.56
2026-03-09,394.37
2026-03-10,397.33
2026-03-11,401.03
2026-03-12,388.13
2026-03-13,387.33
2026-03-16,393.92
2026-03-17,396.88
2026-03-18,393.67
2026-03-19,394.92
2026-03-20,384.74
2026-03-23,391.36
2026-03-24,394.59
2026-03-25,399.02
2026-03-26,380.84
2026-03-27,374.25
2026-03-30,362.53
2026-03-31,383.4
2026-04-01,391.97
2026-04-02,392.32
2026-04-06,395.98
2026-04-07,399.9
2026-04-08,422.92
2026-04-09,430.31
2026-04-10,436.88
2026-04-13,443.34
2026-04-14,452.0
2026-04-15,453.0
2026-04-16,454.8
2026-04-17,464.16
2026-04-20,463.96
2026-04-21,464.66
2026-04-22,476.83
2026-04-23,481.85
2026-04-24,506.44
2026-04-27,506.26
2026-04-28,491.21
2026-04-29,499.58
2026-04-30,506.72
2026-05-01,509.82
2026-05-04,506.79
2026-05-05,522.69
2026-05-06,549.76
2026-05-07,540.1
2026-05-08,566.54
2026-05-11,576.31
2026-05-12,561.25
2026-05-13,572.46
2026-05-14,578.34
2026-05-15,556.34
2026-05-18,546.16
2026-05-19,543.96
2026-05-20,564.66
2026-05-21,567.88
2026-05-22,576.32
2026-05-26,602.14
2026-05-27,595.5
2026-05-28,599.83
2026-05-29,598.93
2026-06-01,607.81
2026-06-02,632.21
2026-06-03,637.9
2026-06-04,627.53
2026-06-05,569.69
2026-06-08,598.16
2026-06-09,591.01
2026-06-10,570.91
2026-06-11,609.45
2026-06-12,619.96
2026-06-15,647.1
2026-06-16,616.0
2026-06-17,623.97
2026-06-18,659.88
2026-06-22,668.91
2026-06-23,622.05
2026-06-24,618.92
2026-06-25,636.88
2026-06-26,611.61
2026-06-29,631.98
2026-06-30,655.89
2026-07-01,620.46
2026-07-02,592.29
2026-07-06,604.3
2026-07-07,581.45
2026-07-08,593.0
2026-07-09,607.73
2026-07-10,611.03
2026-07-13,585.62
2026-07-14,600.31
2026-07-15,590.77
2026-07-16,568.92
2026-07-17,556.53
2026-07-20,558.83
2026-07-21,584.08
2026-07-22,586.91
2026-07-23,580.17
2026-07-24,561.19
2026-07-27,548.55
2026-07-28,529.6
2026-07-29,504.22
2026-07-30,538.9
2026-07-31,540.53
2026-08-03,545.46
2026-08-04,575.71
2026-08-05,569.7
2026-08-06,571.48
2026-08-07,582.7
2026-08-10,569.41
2026-08-11,572.93
2026-08-12,584.83
2026-08-13,589.12
2026-08-14,587.82
2026-08-17,594.07
2026-08-18,569.77
2026-08-19,560.92
2026-08-20,562.65
2026-08-21,560.42
2026-08-24,546.8
2026-08-25,555.82
2026-08-26,555.77
2026-08-27,573.0
2026-08-28,553.11
2026-08-31,556.63
2026-09-01,545.22
2026-09-02,550.48
2026-09-03,552.6
2026-09-04,567.01
2026-09-08,573.73
2026-09-09,574.29
2026-09-10,560.28
2026-09-11,568.53
2026-09-14,541.5
2026-09-15,542.11
2026-09-16,545.56
2026-09-17,560.61
2026-09-18,573.0
2026-09-21,596.03
2026-09-22,607.46
2026-09-23,601.41
2026-09-24,600.52
2026-09-25,606.56
2026-09-28,600.01
2026-09-29,606.9
